null,det,h,far
A,Среднее,5.71504948386569,4.6
A,Дисперсия,5.567404598440668,4.3999999999999995
A,Остатки AR(p),5.626089983963636,4.3
A,ACF-1 (лаг 1),5.586165965867525,4.8
A,Спектр (4 полосы),7.659803239250924,6.0
A,MLACS (L=2),9.002626810710641,5.1
A,MLACS (L=3),9.319362032424975,5.4
A,MLACS (L=5),10.37544639486498,6.7
B,Среднее,5.843632335560358,4.8
B,Дисперсия,5.57764059275893,4.8
B,Остатки AR(p),5.776183612399802,3.5000000000000004
B,ACF-1 (лаг 1),5.7094468712347854,4.2
B,Спектр (4 полосы),8.494939308674713,5.3
B,MLACS (L=2),8.125984566409965,5.3
B,MLACS (L=3),7.086537151848769,5.7
B,MLACS (L=5),7.067460137714956,5.5
