scen,L,h,far,det,mean_delay,median_delay,se_delay
A,1,8.806692670971955,5.1,94.89999999999999,140.42149631190728,140.0,2.269758731551941
A,2,9.002626810710641,5.800000000000001,94.19999999999999,162.77070063694268,140.0,2.8159738910423564
A,3,9.319362032424975,5.7,94.3,185.28101802757158,190.0,3.3487373298525753
A,4,10.078458824940355,5.2,94.8,208.24894514767934,190.0,4.015314114486632
A,5,10.37544639486498,6.2,93.8,225.18123667377398,190.0,4.460149566863198
A,6,11.453994597675955,6.2,93.8,249.32835820895522,240.0,5.020803871428522
A,7,12.921291314249912,4.8,95.19999999999999,274.7689075630252,240.0,5.523271796473175
A,8,14.00453528835273,5.5,94.5,288.0952380952381,240.0,5.941960208384867
A,9,15.707387742829225,5.800000000000001,94.19999999999999,313.9384288747346,290.0,6.570031889887107
A,10,17.219707057239244,5.8999999999999995,94.0,326.86170212765956,290.0,7.023824173616857
B,1,9.633349959780483,3.9,86.7,682.9065743944636,540.0,16.51644189718866
B,2,8.125984566409965,3.9,96.1,197.07596253902184,190.0,3.6900314662624303
B,3,7.086537151848769,5.5,94.5,214.12698412698413,190.0,4.493179892662452
B,4,6.993746470206232,4.8,95.19999999999999,229.28571428571428,190.0,4.824262118250879
B,5,7.067460137714956,3.5000000000000004,96.5,249.89637305699483,190.0,5.52268631267542
B,6,7.071461194262561,4.5,95.5,273.1413612565445,240.0,6.372168973737951
B,7,7.275024033242768,5.0,94.8,297.8586497890295,240.0,7.164661961638201
B,8,7.650721695728454,4.7,95.0,324.6842105263158,290.0,7.780376110011746
B,9,7.861189643112599,4.9,94.69999999999999,341.1087645195354,290.0,8.027591149850723
B,10,8.297664486242498,5.0,94.6,368.7526427061311,290.0,8.870828500455783
