method,err
"MLACS (L=3), онлайн",460
"MLACS (L=3), онлайн",60
"MLACS (L=3), онлайн",40
"MLACS (L=3), онлайн",40
"MLACS (L=3), онлайн",10
"MLACS (L=3), онлайн",40
"MLACS (L=3), онлайн",10
"MLACS (L=3), онлайн",760
"MLACS (L=3), онлайн",160
"MLACS (L=3), онлайн",10
"MLACS (L=3), онлайн",90
"MLACS (L=3), онлайн",210
"MLACS (L=3), онлайн",10
"MLACS (L=3), онлайн",410
"MLACS (L=3), онлайн",10
"MLACS (L=3), онлайн",10
"MLACS (L=3), онлайн",10
"MLACS (L=3), онлайн",10
"MLACS (L=3), онлайн",40
"MLACS (L=3), онлайн",10
"MLACS (L=3), онлайн",460
"MLACS (L=3), онлайн",190
"MLACS (L=3), онлайн",10
"MLACS (L=3), онлайн",40
"MLACS (L=3), онлайн",10
"MLACS (L=3), онлайн",10
"MLACS (L=3), онлайн",10
"MLACS (L=3), онлайн",40
"MLACS (L=3), онлайн",10
"MLACS (L=3), онлайн",160
"MLACS (L=3), онлайн",240
"MLACS (L=3), онлайн",10
"MLACS (L=3), онлайн",10
"MLACS (L=3), онлайн",40
"MLACS (L=3), онлайн",10
"MLACS (L=3), онлайн",140
"MLACS (L=3), онлайн",40
"MLACS (L=3), онлайн",40
"MLACS (L=3), онлайн",60
"MLACS (L=3), онлайн",90
"MLACS (L=3), онлайн",360
"MLACS (L=3), онлайн",10
"MLACS (L=3), онлайн",60
"MLACS (L=3), онлайн",460
"MLACS (L=3), онлайн",10
"MLACS (L=3), онлайн",160
"MLACS (L=3), онлайн",10
"MLACS (L=3), онлайн",110
"MLACS (L=3), онлайн",40
"MLACS (L=3), онлайн",10
"MLACS (L=3), онлайн",10
"MLACS (L=3), онлайн",10
"MLACS (L=3), онлайн",310
"MLACS (L=3), онлайн",10
"MLACS (L=3), онлайн",40
"MLACS (L=3), онлайн",10
"MLACS (L=3), онлайн",210
"MLACS (L=3), онлайн",140
"MLACS (L=3), онлайн",160
"MLACS (L=3), онлайн",210
"MLACS (L=3), онлайн",10
"MLACS (L=3), онлайн",10
"MLACS (L=3), онлайн",10
"MLACS (L=3), онлайн",110
"MLACS (L=3), онлайн",160
"MLACS (L=3), онлайн",10
"MLACS (L=3), онлайн",110
"MLACS (L=3), онлайн",10
"MLACS (L=3), онлайн",10
"MLACS (L=3), онлайн",90
"MLACS (L=3), онлайн",10
"MLACS (L=3), онлайн",10
"MLACS (L=3), онлайн",10
"MLACS (L=3), онлайн",310
"MLACS (L=3), онлайн",10
"MLACS (L=3), онлайн",10
"MLACS (L=3), онлайн",40
"MLACS (L=3), онлайн",90
"MLACS (L=3), онлайн",10
"MLACS (L=3), онлайн",160
"MLACS (L=3), онлайн",90
"MLACS (L=3), онлайн",660
"MLACS (L=3), онлайн",40
"MLACS (L=3), онлайн",40
"MLACS (L=3), онлайн",110
"MLACS (L=3), онлайн",10
"MLACS (L=3), онлайн",10
"MLACS (L=3), онлайн",110
"MLACS (L=3), онлайн",10
"MLACS (L=3), онлайн",110
"MLACS (L=3), онлайн",60
"MLACS (L=3), онлайн",10
"MLACS (L=3), онлайн",40
"MLACS (L=3), онлайн",210
"MLACS (L=3), онлайн",60
"MLACS (L=3), онлайн",40
"MLACS (L=3), онлайн",10
"MLACS (L=3), онлайн",10
"MLACS (L=3), онлайн",60
"MLACS (L=3), онлайн",60
"MLACS (L=3), онлайн",10
"MLACS (L=3), онлайн",10
"MLACS (L=3), онлайн",40
"MLACS (L=3), онлайн",360
"MLACS (L=3), онлайн",110
"MLACS (L=3), онлайн",260
"MLACS (L=3), онлайн",10
"MLACS (L=3), онлайн",60
"MLACS (L=3), онлайн",140
"MLACS (L=3), онлайн",410
"MLACS (L=3), онлайн",40
"MLACS (L=3), онлайн",60
"MLACS (L=3), онлайн",10
"MLACS (L=3), онлайн",240
"MLACS (L=3), онлайн",10
"MLACS (L=3), онлайн",10
"MLACS (L=3), онлайн",90
"MLACS (L=3), онлайн",10
"MLACS (L=3), онлайн",60
"MLACS (L=3), онлайн",90
"MLACS (L=3), онлайн",190
"MLACS (L=3), онлайн",10
"MLACS (L=3), онлайн",10
"MLACS (L=3), онлайн",40
"MLACS (L=3), онлайн",10
"MLACS (L=3), онлайн",210
"MLACS (L=3), онлайн",10
"MLACS (L=3), онлайн",10
"MLACS (L=3), онлайн",310
"MLACS (L=3), онлайн",10
"MLACS (L=3), онлайн",190
"MLACS (L=3), онлайн",10
"MLACS (L=3), онлайн",10
"MLACS (L=3), онлайн",10
"MLACS (L=3), онлайн",10
"MLACS (L=3), онлайн",10
"MLACS (L=3), онлайн",190
"MLACS (L=3), онлайн",40
"MLACS (L=3), онлайн",10
"MLACS (L=3), онлайн",10
"MLACS (L=3), онлайн",90
"MLACS (L=3), онлайн",10
"MLACS (L=3), онлайн",10
"MLACS (L=3), онлайн",10
"MLACS (L=3), онлайн",10
"MLACS (L=3), онлайн",10
"MLACS (L=3), онлайн",40
"MLACS (L=3), онлайн",60
"MLACS (L=3), онлайн",310
"MLACS (L=3), онлайн",110
"MLACS (L=3), онлайн",190
"MLACS (L=3), онлайн",110
"MLACS (L=3), онлайн",40
"MLACS (L=3), онлайн",140
"MLACS (L=3), онлайн",160
"MLACS (L=3), онлайн",10
"MLACS (L=3), онлайн",10
"MLACS (L=3), онлайн",610
"MLACS (L=3), онлайн",40
"MLACS (L=3), онлайн",40
"MLACS (L=3), онлайн",10
"MLACS (L=3), онлайн",610
"MLACS (L=3), онлайн",10
"MLACS (L=3), онлайн",10
"MLACS (L=3), онлайн",10
"MLACS (L=3), онлайн",40
"MLACS (L=3), онлайн",10
"MLACS (L=3), онлайн",10
"MLACS (L=3), онлайн",410
"MLACS (L=3), онлайн",10
"MLACS (L=3), онлайн",210
"MLACS (L=3), онлайн",110
"MLACS (L=3), онлайн",10
"MLACS (L=3), онлайн",10
"MLACS (L=3), онлайн",10
"MLACS (L=3), онлайн",60
"MLACS (L=3), онлайн",40
"MLACS (L=3), онлайн",10
"MLACS (L=3), онлайн",40
"MLACS (L=3), онлайн",10
"MLACS (L=3), онлайн",10
"MLACS (L=3), онлайн",90
"MLACS (L=3), онлайн",10
"MLACS (L=3), онлайн",10
"MLACS (L=3), онлайн",10
"MLACS (L=3), онлайн",10
"MLACS (L=3), онлайн",10
"MLACS (L=3), онлайн",10
"MLACS (L=3), онлайн",310
"MLACS (L=3), онлайн",10
"MLACS (L=3), онлайн",160
"MLACS (L=3), онлайн",510
"MLACS (L=3), онлайн",10
"MLACS (L=3), онлайн",10
"MLACS (L=3), онлайн",60
"MLACS (L=3), онлайн",60
"MLACS (L=3), онлайн",10
"MLACS (L=3), онлайн",60
"MLACS (L=3), онлайн",10
"MLACS (L=3), онлайн",160
"MLACS (L=3), онлайн",160
"MLACS (L=3), онлайн",40
"MLACS (L=3), онлайн",10
"MLACS (L=3), онлайн",10
"MLACS (L=3), онлайн",40
"MLACS (L=3), онлайн",90
"MLACS (L=3), онлайн",40
"MLACS (L=3), онлайн",10
"MLACS (L=3), онлайн",260
"MLACS (L=3), онлайн",10
"MLACS (L=3), онлайн",90
"MLACS (L=3), онлайн",60
"MLACS (L=3), онлайн",10
"MLACS (L=3), онлайн",10
"MLACS (L=3), онлайн",410
"MLACS (L=3), онлайн",10
"MLACS (L=3), онлайн",40
"MLACS (L=3), онлайн",10
"MLACS (L=3), онлайн",60
"MLACS (L=3), онлайн",90
"MLACS (L=3), онлайн",110
"MLACS (L=3), онлайн",10
"MLACS (L=3), онлайн",40
"MLACS (L=3), онлайн",510
"MLACS (L=3), онлайн",110
"MLACS (L=3), онлайн",10
"MLACS (L=3), онлайн",10
"MLACS (L=3), онлайн",290
"MLACS (L=3), онлайн",90
"MLACS (L=3), онлайн",10
"MLACS (L=3), онлайн",60
"MLACS (L=3), онлайн",10
"MLACS (L=3), онлайн",10
"MLACS (L=3), онлайн",110
"MLACS (L=3), онлайн",10
"MLACS (L=3), онлайн",10
"MLACS (L=3), онлайн",190
"MLACS (L=3), онлайн",10
"MLACS (L=3), онлайн",40
"MLACS (L=3), онлайн",40
"MLACS (L=3), онлайн",210
"MLACS (L=3), онлайн",40
"MLACS (L=3), онлайн",10
"MLACS (L=3), онлайн",10
"MLACS (L=3), онлайн",360
"MLACS (L=3), онлайн",60
"MLACS (L=3), онлайн",10
"MLACS (L=3), онлайн",10
"MLACS (L=3), онлайн",10
"MLACS (L=3), онлайн",160
"MLACS (L=3), онлайн",60
"MLACS (L=3), онлайн",10
"MLACS (L=3), онлайн",10
"MLACS (L=3), онлайн",90
"MLACS (L=3), онлайн",10
"MLACS (L=3), онлайн",10
"MLACS (L=3), онлайн",10
"MLACS (L=3), онлайн",10
"MLACS (L=3), онлайн",10
"MLACS (L=3), онлайн",40
"MLACS (L=3), онлайн",10
"MLACS (L=3), онлайн",40
"MLACS (L=3), онлайн",10
"MLACS (L=3), онлайн",10
"MLACS (L=3), онлайн",10
"MLACS (L=3), онлайн",60
"MLACS (L=3), онлайн",60
"MLACS (L=3), онлайн",40
"MLACS (L=3), онлайн",40
"MLACS (L=3), онлайн",90
"MLACS (L=3), онлайн",10
"MLACS (L=3), онлайн",10
"MLACS (L=3), онлайн",10
"MLACS (L=3), онлайн",10
"MLACS (L=3), онлайн",10
"MLACS (L=3), онлайн",10
"MLACS (L=3), онлайн",10
"MLACS (L=3), онлайн",690
"MLACS (L=3), онлайн",10
"MLACS (L=3), онлайн",40
"MLACS (L=3), онлайн",110
"MLACS (L=3), онлайн",40
"MLACS (L=3), онлайн",10
"MLACS (L=3), онлайн",310
"MLACS (L=3), онлайн",190
"MLACS (L=3), онлайн",10
"MLACS (L=3), онлайн",40
"MLACS (L=3), онлайн",10
"MLACS (L=3), онлайн",10
"MLACS (L=3), онлайн",60
"MLACS (L=3), онлайн",10
"MLACS (L=3), онлайн",60
"MLACS (L=3), онлайн",110
"MLACS (L=3), онлайн",60
"MLACS (L=3), онлайн",60
"MLACS (L=3), онлайн",10
"MLACS (L=3), онлайн",10
"MLACS (L=3), онлайн",40
"MLACS (L=3), онлайн",60
"MLACS (L=3), онлайн",260
"MLACS (L=3), онлайн",10
"MLACS (L=3), онлайн",60
"MLACS (L=3), онлайн",10
"MLACS (L=3), онлайн",140
"MLACS (L=3), онлайн",460
"MLACS (L=3), онлайн",40
"MLACS (L=3), онлайн",40
"MLACS (L=3), онлайн",10
"MLACS (L=3), онлайн",40
"MLACS (L=3), онлайн",10
"MLACS (L=3), онлайн",10
"MLACS (L=3), онлайн",10
"MLACS (L=3), онлайн",10
"MLACS (L=3), онлайн",10
"MLACS (L=3), онлайн",10
"MLACS (L=3), онлайн",10
"MLACS (L=3), онлайн",60
"MLACS (L=3), онлайн",90
"MLACS (L=3), онлайн",60
"MLACS (L=3), онлайн",10
"MLACS (L=3), онлайн",10
"MLACS (L=3), онлайн",40
"MLACS (L=3), онлайн",10
"MLACS (L=3), онлайн",60
"MLACS (L=3), онлайн",60
"MLACS (L=3), онлайн",10
"MLACS (L=3), онлайн",810
"MLACS (L=3), онлайн",10
"MLACS (L=3), онлайн",40
"MLACS (L=3), онлайн",260
"MLACS (L=3), онлайн",60
"MLACS (L=3), онлайн",60
"MLACS (L=3), онлайн",10
"MLACS (L=3), онлайн",10
"MLACS (L=3), онлайн",10
"MLACS (L=3), онлайн",10
"MLACS (L=3), онлайн",110
"MLACS (L=3), онлайн",60
"MLACS (L=3), онлайн",10
"MLACS (L=3), онлайн",10
"MLACS (L=3), онлайн",10
"MLACS (L=3), онлайн",10
"MLACS (L=3), онлайн",40
"MLACS (L=3), онлайн",40
"MLACS (L=3), онлайн",10
"MLACS (L=3), онлайн",10
"MLACS (L=3), онлайн",10
"MLACS (L=3), онлайн",10
"MLACS (L=3), онлайн",10
"MLACS (L=3), онлайн",10
"MLACS (L=3), онлайн",160
"MLACS (L=3), онлайн",10
"MLACS (L=3), онлайн",40
"MLACS (L=3), онлайн",10
"MLACS (L=3), онлайн",10
"MLACS (L=3), онлайн",10
"MLACS (L=3), онлайн",60
"MLACS (L=3), онлайн",10
"MLACS (L=3), онлайн",160
"MLACS (L=3), онлайн",10
"MLACS (L=3), онлайн",90
"MLACS (L=3), онлайн",140
"MLACS (L=3), онлайн",40
"MLACS (L=3), онлайн",90
"MLACS (L=3), онлайн",660
"MLACS (L=3), онлайн",40
"MLACS (L=3), онлайн",90
"MLACS (L=3), онлайн",110
"MLACS (L=3), онлайн",10
"MLACS (L=3), онлайн",40
"MLACS (L=3), онлайн",140
"MLACS (L=3), онлайн",60
"MLACS (L=3), онлайн",110
"MLACS (L=3), онлайн",160
"MLACS (L=3), онлайн",40
"MLACS (L=3), онлайн",40
"MLACS (L=3), онлайн",60
"MLACS (L=3), онлайн",40
"MLACS (L=3), онлайн",210
"MLACS (L=3), онлайн",10
"MLACS (L=3), онлайн",40
"MLACS (L=3), онлайн",40
"MLACS (L=3), онлайн",10
"MLACS (L=3), онлайн",40
"MLACS (L=3), онлайн",160
"MLACS (L=3), онлайн",10
"MLACS (L=3), онлайн",110
"MLACS (L=3), онлайн",60
"MLACS (L=3), онлайн",10
"MLACS (L=3), онлайн",10
"MLACS (L=3), онлайн",10
"MLACS (L=3), онлайн",90
"MLACS (L=3), онлайн",40
"MLACS (L=3), онлайн",110
"MLACS (L=3), онлайн",10
"MLACS (L=3), онлайн",40
"MLACS (L=3), онлайн",10
"MLACS (L=3), онлайн",40
"MLACS (L=3), онлайн",40
"MLACS (L=3), онлайн",40
"MLACS (L=3), онлайн",60
"MLACS (L=3), онлайн",160
"MLACS (L=3), онлайн",240
"MLACS (L=3), онлайн",90
"MLACS (L=3), онлайн",10
"MLACS (L=3), онлайн",10
"MLACS (L=3), онлайн",10
"MLACS (L=3), онлайн",440
"MLACS (L=3), онлайн",90
"MLACS (L=3), онлайн",10
"MLACS (L=3), онлайн",40
"MLACS (L=3), онлайн",40
"MLACS (L=3), онлайн",40
"MLACS (L=3), онлайн",40
"MLACS (L=3), онлайн",40
"MLACS (L=3), онлайн",260
"MLACS (L=3), онлайн",240
"MLACS (L=3), онлайн",10
"MLACS (L=3), онлайн",260
"MLACS (L=3), онлайн",40
"MLACS (L=3), онлайн",10
"MLACS (L=3), онлайн",10
"MLACS (L=3), онлайн",90
"MLACS (L=3), онлайн",40
"MLACS (L=3), онлайн",10
"MLACS (L=3), онлайн",460
"MLACS (L=3), онлайн",10
"MLACS (L=3), онлайн",90
"MLACS (L=3), онлайн",60
"MLACS (L=3), онлайн",40
"MLACS (L=3), онлайн",10
"MLACS (L=3), онлайн",10
"MLACS (L=3), онлайн",40
"MLACS (L=3), онлайн",10
"MLACS (L=3), онлайн",60
"MLACS (L=3), онлайн",40
"MLACS (L=3), онлайн",10
"MLACS (L=3), онлайн",410
"MLACS (L=3), онлайн",10
"MLACS (L=3), онлайн",310
"MLACS (L=3), онлайн",10
"MLACS (L=3), онлайн",160
"MLACS (L=3), онлайн",10
"MLACS (L=3), онлайн",40
"MLACS (L=3), онлайн",110
"MLACS (L=3), онлайн",160
"MLACS (L=3), онлайн",40
"MLACS (L=3), онлайн",40
"MLACS (L=3), онлайн",10
"MLACS (L=3), онлайн",10
"MLACS (L=3), онлайн",10
"MLACS (L=3), онлайн",360
"MLACS (L=3), онлайн",10
"MLACS (L=3), онлайн",10
"MLACS (L=3), онлайн",40
"MLACS (L=3), онлайн",60
"MLACS (L=3), онлайн",10
"MLACS (L=3), онлайн",10
"MLACS (L=3), онлайн",10
"MLACS (L=3), онлайн",110
"MLACS (L=3), онлайн",10
"MLACS (L=3), онлайн",10
"MLACS (L=3), онлайн",210
"MLACS (L=3), онлайн",10
"MLACS (L=3), онлайн",760
"MLACS (L=3), онлайн",10
"MLACS (L=3), онлайн",10
"MLACS (L=3), онлайн",10
"MLACS (L=3), онлайн",260
"MLACS (L=3), онлайн",40
"MLACS (L=3), онлайн",410
"MLACS (L=3), онлайн",10
"MLACS (L=3), онлайн",160
"MLACS (L=3), онлайн",110
"MLACS (L=3), онлайн",40
"MLACS (L=3), онлайн",40
Перебор: среднее,1570
Перебор: среднее,1720
Перебор: среднее,1745
Перебор: среднее,1790
Перебор: среднее,1330
Перебор: среднее,1565
Перебор: среднее,230
Перебор: среднее,1500
Перебор: среднее,285
Перебор: среднее,375
Перебор: среднее,160
Перебор: среднее,2015
Перебор: среднее,560
Перебор: среднее,540
Перебор: среднее,1215
Перебор: среднее,1660
Перебор: среднее,1480
Перебор: среднее,1750
Перебор: среднее,2560
Перебор: среднее,230
Перебор: среднее,225
Перебор: среднее,635
Перебор: среднее,1555
Перебор: среднее,1425
Перебор: среднее,35
Перебор: среднее,2765
Перебор: среднее,1625
Перебор: среднее,1785
Перебор: среднее,520
Перебор: среднее,1700
Перебор: среднее,950
Перебор: среднее,2125
Перебор: среднее,425
Перебор: среднее,2740
Перебор: среднее,1700
Перебор: среднее,1605
Перебор: среднее,945
Перебор: среднее,1400
Перебор: среднее,1165
Перебор: среднее,1625
Перебор: среднее,1395
Перебор: среднее,1425
Перебор: среднее,2665
Перебор: среднее,2770
Перебор: среднее,935
Перебор: среднее,1740
Перебор: среднее,1145
Перебор: среднее,1425
Перебор: среднее,400
Перебор: среднее,25
Перебор: среднее,1690
Перебор: среднее,860
Перебор: среднее,1740
Перебор: среднее,330
Перебор: среднее,1540
Перебор: среднее,280
Перебор: среднее,575
Перебор: среднее,1775
Перебор: среднее,1210
Перебор: среднее,1565
Перебор: среднее,550
Перебор: среднее,640
Перебор: среднее,1790
Перебор: среднее,145
Перебор: среднее,1570
Перебор: среднее,280
Перебор: среднее,1720
Перебор: среднее,1465
Перебор: среднее,1765
Перебор: среднее,85
Перебор: среднее,2765
Перебор: среднее,1265
Перебор: среднее,1970
Перебор: среднее,1750
Перебор: среднее,1665
Перебор: среднее,2765
Перебор: среднее,1530
Перебор: среднее,395
Перебор: среднее,1765
Перебор: среднее,1735
Перебор: среднее,1715
Перебор: среднее,1265
Перебор: среднее,1190
Перебор: среднее,905
Перебор: среднее,1430
Перебор: среднее,1755
Перебор: среднее,1715
Перебор: среднее,295
Перебор: среднее,950
Перебор: среднее,835
Перебор: среднее,715
Перебор: среднее,1185
Перебор: среднее,45
Перебор: среднее,2730
Перебор: среднее,2120
Перебор: среднее,1335
Перебор: среднее,2480
Перебор: среднее,1505
Перебор: среднее,2770
Перебор: среднее,690
Перебор: среднее,1640
Перебор: среднее,1110
Перебор: среднее,945
Перебор: среднее,1650
Перебор: среднее,2270
Перебор: среднее,1625
Перебор: среднее,200
Перебор: среднее,1225
Перебор: среднее,700
Перебор: среднее,1275
Перебор: среднее,305
Перебор: среднее,780
Перебор: среднее,1885
Перебор: среднее,1695
Перебор: среднее,1285
Перебор: среднее,1740
Перебор: среднее,1770
Перебор: среднее,1065
Перебор: среднее,940
Перебор: среднее,960
Перебор: среднее,1755
Перебор: среднее,1650
Перебор: среднее,200
Перебор: среднее,2800
Перебор: среднее,100
Перебор: среднее,1585
Перебор: среднее,210
Перебор: среднее,1715
Перебор: среднее,55
Перебор: среднее,150
Перебор: среднее,290
Перебор: среднее,105
Перебор: среднее,2175
Перебор: среднее,2025
Перебор: среднее,425
Перебор: среднее,1065
Перебор: среднее,490
Перебор: среднее,1790
Перебор: среднее,1780
Перебор: среднее,1770
Перебор: среднее,900
Перебор: среднее,1785
Перебор: среднее,1705
Перебор: среднее,175
Перебор: среднее,1670
Перебор: среднее,2630
Перебор: среднее,420
Перебор: среднее,1035
Перебор: среднее,1250
Перебор: среднее,2340
Перебор: среднее,1770
Перебор: среднее,1240
Перебор: среднее,1465
Перебор: среднее,1790
Перебор: среднее,1380
Перебор: среднее,435
Перебор: среднее,840
Перебор: среднее,1805
Перебор: среднее,1675
Перебор: среднее,315
Перебор: среднее,2640
Перебор: среднее,1420
Перебор: среднее,1755
Перебор: среднее,1695
Перебор: среднее,1750
Перебор: среднее,645
Перебор: среднее,1745
Перебор: среднее,1730
Перебор: среднее,2095
Перебор: среднее,1380
Перебор: среднее,1575
Перебор: среднее,880
Перебор: среднее,300
Перебор: среднее,1465
Перебор: среднее,1665
Перебор: среднее,215
Перебор: среднее,1780
Перебор: среднее,2800
Перебор: среднее,1790
Перебор: среднее,1740
Перебор: среднее,2745
Перебор: среднее,415
Перебор: среднее,1665
Перебор: среднее,2615
Перебор: среднее,1430
Перебор: среднее,1095
Перебор: среднее,2520
Перебор: среднее,2795
Перебор: среднее,355
Перебор: среднее,1090
Перебор: среднее,530
Перебор: среднее,1625
Перебор: среднее,140
Перебор: среднее,2690
Перебор: среднее,1405
Перебор: среднее,220
Перебор: среднее,820
Перебор: среднее,1370
Перебор: среднее,1180
Перебор: среднее,1655
Перебор: среднее,500
Перебор: среднее,1790
Перебор: среднее,2695
Перебор: среднее,1045
Перебор: среднее,665
Перебор: среднее,1280
Перебор: среднее,1355
Перебор: среднее,1780
Перебор: среднее,1650
Перебор: среднее,1780
Перебор: среднее,1495
Перебор: среднее,1720
Перебор: среднее,455
Перебор: среднее,420
Перебор: среднее,1380
Перебор: среднее,1015
Перебор: среднее,1790
Перебор: среднее,2545
Перебор: среднее,2420
Перебор: среднее,1580
Перебор: среднее,1455
Перебор: среднее,1530
Перебор: среднее,1285
Перебор: среднее,435
Перебор: среднее,1350
Перебор: среднее,1370
Перебор: среднее,1955
Перебор: среднее,1685
Перебор: среднее,80
Перебор: среднее,385
Перебор: среднее,885
Перебор: среднее,1315
Перебор: среднее,950
Перебор: среднее,1665
Перебор: среднее,1140
Перебор: среднее,1000
Перебор: среднее,1475
Перебор: среднее,375
Перебор: среднее,1680
Перебор: среднее,1240
Перебор: среднее,1375
Перебор: среднее,930
Перебор: среднее,1935
Перебор: среднее,1080
Перебор: среднее,1005
Перебор: среднее,1495
Перебор: среднее,20
Перебор: среднее,1410
Перебор: среднее,730
Перебор: среднее,1790
Перебор: среднее,1125
Перебор: среднее,125
Перебор: среднее,640
Перебор: среднее,175
Перебор: среднее,1305
Перебор: среднее,305
Перебор: среднее,1730
Перебор: среднее,805
Перебор: среднее,2145
Перебор: среднее,1265
Перебор: среднее,270
Перебор: среднее,1790
Перебор: среднее,1750
Перебор: среднее,2800
Перебор: среднее,1490
Перебор: среднее,1470
Перебор: среднее,1785
Перебор: среднее,1090
Перебор: среднее,1185
Перебор: среднее,595
Перебор: среднее,1725
Перебор: среднее,35
Перебор: среднее,1935
Перебор: среднее,1370
Перебор: среднее,2070
Перебор: среднее,425
Перебор: среднее,1505
Перебор: среднее,815
Перебор: среднее,1500
Перебор: среднее,400
Перебор: среднее,1555
Перебор: среднее,2420
Перебор: среднее,175
Перебор: среднее,1475
Перебор: среднее,720
Перебор: среднее,185
Перебор: среднее,1345
Перебор: среднее,810
Перебор: среднее,860
Перебор: среднее,50
Перебор: среднее,35
Перебор: среднее,910
Перебор: среднее,2460
Перебор: среднее,1725
Перебор: среднее,2225
Перебор: среднее,1780
Перебор: среднее,330
Перебор: среднее,320
Перебор: среднее,980
Перебор: среднее,1440
Перебор: среднее,1125
Перебор: среднее,1720
Перебор: среднее,1300
Перебор: среднее,260
Перебор: среднее,1785
Перебор: среднее,1450
Перебор: среднее,2175
Перебор: среднее,1360
Перебор: среднее,1295
Перебор: среднее,285
Перебор: среднее,1330
Перебор: среднее,1040
Перебор: среднее,1295
Перебор: среднее,1530
Перебор: среднее,1755
Перебор: среднее,920
Перебор: среднее,1105
Перебор: среднее,895
Перебор: среднее,2645
Перебор: среднее,110
Перебор: среднее,1320
Перебор: среднее,1410
Перебор: среднее,1790
Перебор: среднее,2570
Перебор: среднее,910
Перебор: среднее,495
Перебор: среднее,765
Перебор: среднее,1385
Перебор: среднее,1790
Перебор: среднее,80
Перебор: среднее,360
Перебор: среднее,970
Перебор: среднее,1590
Перебор: среднее,2560
Перебор: среднее,2445
Перебор: среднее,1780
Перебор: среднее,1665
Перебор: среднее,1645
Перебор: среднее,1050
Перебор: среднее,175
Перебор: среднее,2290
Перебор: среднее,1690
Перебор: среднее,1340
Перебор: среднее,1490
Перебор: среднее,960
Перебор: среднее,2375
Перебор: среднее,2805
Перебор: среднее,855
Перебор: среднее,2690
Перебор: среднее,1100
Перебор: среднее,2615
Перебор: среднее,2345
Перебор: среднее,1050
Перебор: среднее,125
Перебор: среднее,1475
Перебор: среднее,1570
Перебор: среднее,1055
Перебор: среднее,325
Перебор: среднее,1675
Перебор: среднее,645
Перебор: среднее,2650
Перебор: среднее,1320
Перебор: среднее,385
Перебор: среднее,1020
Перебор: среднее,1780
Перебор: среднее,245
Перебор: среднее,1090
Перебор: среднее,2680
Перебор: среднее,1615
Перебор: среднее,2405
Перебор: среднее,660
Перебор: среднее,1515
Перебор: среднее,1430
Перебор: среднее,1790
Перебор: среднее,1675
Перебор: среднее,2595
Перебор: среднее,1670
Перебор: среднее,1870
Перебор: среднее,990
Перебор: среднее,505
Перебор: среднее,1215
Перебор: среднее,325
Перебор: среднее,1045
Перебор: среднее,270
Перебор: среднее,400
Перебор: среднее,1320
Перебор: среднее,1245
Перебор: среднее,250
Перебор: среднее,1725
Перебор: среднее,1400
Перебор: среднее,2805
Перебор: среднее,710
Перебор: среднее,675
Перебор: среднее,970
Перебор: среднее,765
Перебор: среднее,1385
Перебор: среднее,450
Перебор: среднее,1040
Перебор: среднее,2810
Перебор: среднее,855
Перебор: среднее,585
Перебор: среднее,500
Перебор: среднее,65
Перебор: среднее,1785
Перебор: среднее,950
Перебор: среднее,1460
Перебор: среднее,510
Перебор: среднее,890
Перебор: среднее,2390
Перебор: среднее,1185
Перебор: среднее,215
Перебор: среднее,1400
Перебор: среднее,1785
Перебор: среднее,1380
Перебор: среднее,1645
Перебор: среднее,160
Перебор: среднее,90
Перебор: среднее,1425
Перебор: среднее,1630
Перебор: среднее,1360
Перебор: среднее,2675
Перебор: среднее,1740
Перебор: среднее,1495
Перебор: среднее,1300
Перебор: среднее,515
Перебор: среднее,1740
Перебор: среднее,395
Перебор: среднее,1750
Перебор: среднее,1595
Перебор: среднее,2360
Перебор: среднее,1320
Перебор: среднее,765
Перебор: среднее,415
Перебор: среднее,1370
Перебор: среднее,640
Перебор: среднее,1115
Перебор: среднее,1515
Перебор: среднее,1605
Перебор: среднее,175
Перебор: среднее,2600
Перебор: среднее,535
Перебор: среднее,1770
Перебор: среднее,2810
Перебор: среднее,1580
Перебор: среднее,1755
Перебор: среднее,225
Перебор: среднее,1260
Перебор: среднее,1925
Перебор: среднее,1790
Перебор: среднее,1565
Перебор: среднее,1175
Перебор: среднее,1790
Перебор: среднее,1000
Перебор: среднее,1210
Перебор: среднее,1770
Перебор: среднее,1695
Перебор: среднее,2805
Перебор: среднее,1710
Перебор: среднее,2035
Перебор: среднее,285
Перебор: среднее,1695
Перебор: среднее,1225
Перебор: среднее,1140
Перебор: среднее,80
Перебор: среднее,1475
Перебор: среднее,270
Перебор: среднее,2800
Перебор: среднее,2720
Перебор: среднее,1035
Перебор: среднее,955
Перебор: среднее,1660
Перебор: среднее,1750
Перебор: среднее,895
Перебор: среднее,1775
Перебор: среднее,805
Перебор: среднее,270
Перебор: среднее,180
Перебор: среднее,410
Перебор: среднее,955
Перебор: среднее,735
Перебор: среднее,320
Перебор: среднее,1450
Перебор: среднее,765
Перебор: среднее,1785
Перебор: среднее,35
Перебор: среднее,1345
Перебор: среднее,1615
Перебор: среднее,945
Перебор: среднее,70
Перебор: среднее,375
Перебор: среднее,1450
Перебор: среднее,1570
Перебор: среднее,1655
Перебор: среднее,1150
Перебор: среднее,2805
Перебор: среднее,760
Перебор: среднее,1930
Перебор: среднее,925
Перебор: среднее,1250
Перебор: среднее,2290
Перебор: среднее+дисперсия,1570
Перебор: среднее+дисперсия,1760
Перебор: среднее+дисперсия,1750
Перебор: среднее+дисперсия,1790
Перебор: среднее+дисперсия,1325
Перебор: среднее+дисперсия,1565
Перебор: среднее+дисперсия,230
Перебор: среднее+дисперсия,1500
Перебор: среднее+дисперсия,290
Перебор: среднее+дисперсия,375
Перебор: среднее+дисперсия,200
Перебор: среднее+дисперсия,1195
Перебор: среднее+дисперсия,1430
Перебор: среднее+дисперсия,2320
Перебор: среднее+дисперсия,1580
Перебор: среднее+дисперсия,1660
Перебор: среднее+дисперсия,1480
Перебор: среднее+дисперсия,1400
Перебор: среднее+дисперсия,2560
Перебор: среднее+дисперсия,230
Перебор: среднее+дисперсия,225
Перебор: среднее+дисперсия,635
Перебор: среднее+дисперсия,1555
Перебор: среднее+дисперсия,1425
Перебор: среднее+дисперсия,40
Перебор: среднее+дисперсия,2765
Перебор: среднее+дисперсия,1635
Перебор: среднее+дисперсия,1785
Перебор: среднее+дисперсия,520
Перебор: среднее+дисперсия,1700
Перебор: среднее+дисперсия,1730
Перебор: среднее+дисперсия,2125
Перебор: среднее+дисперсия,1430
Перебор: среднее+дисперсия,675
Перебор: среднее+дисперсия,1785
Перебор: среднее+дисперсия,1605
Перебор: среднее+дисперсия,930
Перебор: среднее+дисперсия,1400
Перебор: среднее+дисперсия,1165
Перебор: среднее+дисперсия,1625
Перебор: среднее+дисперсия,1360
Перебор: среднее+дисперсия,530
Перебор: среднее+дисперсия,2665
Перебор: среднее+дисперсия,350
Перебор: среднее+дисперсия,980
Перебор: среднее+дисперсия,1740
Перебор: среднее+дисперсия,1145
Перебор: среднее+дисперсия,1425
Перебор: среднее+дисперсия,400
Перебор: среднее+дисперсия,25
Перебор: среднее+дисперсия,2085
Перебор: среднее+дисперсия,555
Перебор: среднее+дисперсия,1740
Перебор: среднее+дисперсия,25
Перебор: среднее+дисперсия,1540
Перебор: среднее+дисперсия,280
Перебор: среднее+дисперсия,575
Перебор: среднее+дисперсия,1775
Перебор: среднее+дисперсия,1210
Перебор: среднее+дисперсия,1565
Перебор: среднее+дисперсия,2475
Перебор: среднее+дисперсия,640
Перебор: среднее+дисперсия,1790
Перебор: среднее+дисперсия,145
Перебор: среднее+дисперсия,1480
Перебор: среднее+дисперсия,280
Перебор: среднее+дисперсия,1625
Перебор: среднее+дисперсия,1465
Перебор: среднее+дисперсия,1765
Перебор: среднее+дисперсия,85
Перебор: среднее+дисперсия,1545
Перебор: среднее+дисперсия,2790
Перебор: среднее+дисперсия,1280
Перебор: среднее+дисперсия,1750
Перебор: среднее+дисперсия,1665
Перебор: среднее+дисперсия,2765
Перебор: среднее+дисперсия,1530
Перебор: среднее+дисперсия,1185
Перебор: среднее+дисперсия,1755
Перебор: среднее+дисперсия,1735
Перебор: среднее+дисперсия,1715
Перебор: среднее+дисперсия,1265
Перебор: среднее+дисперсия,665
Перебор: среднее+дисперсия,905
Перебор: среднее+дисперсия,1735
Перебор: среднее+дисперсия,1565
Перебор: среднее+дисперсия,1705
Перебор: среднее+дисперсия,1725
Перебор: среднее+дисперсия,955
Перебор: среднее+дисперсия,835
Перебор: среднее+дисперсия,715
Перебор: среднее+дисперсия,1185
Перебор: среднее+дисперсия,45
Перебор: среднее+дисперсия,2730
Перебор: среднее+дисперсия,2120
Перебор: среднее+дисперсия,1475
Перебор: среднее+дисперсия,2480
Перебор: среднее+дисперсия,1505
Перебор: среднее+дисперсия,2770
Перебор: среднее+дисперсия,1790
Перебор: среднее+дисперсия,1640
Перебор: среднее+дисперсия,1110
Перебор: среднее+дисперсия,1790
Перебор: среднее+дисперсия,1585
Перебор: среднее+дисперсия,2270
Перебор: среднее+дисперсия,1625
Перебор: среднее+дисперсия,445
Перебор: среднее+дисперсия,1225
Перебор: среднее+дисперсия,180
Перебор: среднее+дисперсия,540
Перебор: среднее+дисперсия,305
Перебор: среднее+дисперсия,1635
Перебор: среднее+дисперсия,1980
Перебор: среднее+дисперсия,1695
Перебор: среднее+дисперсия,1290
Перебор: среднее+дисперсия,1740
Перебор: среднее+дисперсия,640
Перебор: среднее+дисперсия,1065
Перебор: среднее+дисперсия,940
Перебор: среднее+дисперсия,960
Перебор: среднее+дисперсия,1755
Перебор: среднее+дисперсия,1630
Перебор: среднее+дисперсия,1755
Перебор: среднее+дисперсия,1020
Перебор: среднее+дисперсия,1240
Перебор: среднее+дисперсия,815
Перебор: среднее+дисперсия,210
Перебор: среднее+дисперсия,1715
Перебор: среднее+дисперсия,55
Перебор: среднее+дисперсия,150
Перебор: среднее+дисперсия,290
Перебор: среднее+дисперсия,115
Перебор: среднее+дисперсия,1215
Перебор: среднее+дисперсия,2025
Перебор: среднее+дисперсия,425
Перебор: среднее+дисперсия,1065
Перебор: среднее+дисперсия,255
Перебор: среднее+дисперсия,295
Перебор: среднее+дисперсия,1780
Перебор: среднее+дисперсия,1770
Перебор: среднее+дисперсия,900
Перебор: среднее+дисперсия,1785
Перебор: среднее+дисперсия,1705
Перебор: среднее+дисперсия,175
Перебор: среднее+дисперсия,1670
Перебор: среднее+дисперсия,345
Перебор: среднее+дисперсия,405
Перебор: среднее+дисперсия,1035
Перебор: среднее+дисперсия,725
Перебор: среднее+дисперсия,895
Перебор: среднее+дисперсия,1255
Перебор: среднее+дисперсия,45
Перебор: среднее+дисперсия,1465
Перебор: среднее+дисперсия,1790
Перебор: среднее+дисперсия,1380
Перебор: среднее+дисперсия,435
Перебор: среднее+дисперсия,1725
Перебор: среднее+дисперсия,1805
Перебор: среднее+дисперсия,1675
Перебор: среднее+дисперсия,315
Перебор: среднее+дисперсия,2640
Перебор: среднее+дисперсия,1420
Перебор: среднее+дисперсия,1755
Перебор: среднее+дисперсия,1705
Перебор: среднее+дисперсия,1750
Перебор: среднее+дисперсия,645
Перебор: среднее+дисперсия,1740
Перебор: среднее+дисперсия,1730
Перебор: среднее+дисперсия,2760
Перебор: среднее+дисперсия,1380
Перебор: среднее+дисперсия,1575
Перебор: среднее+дисперсия,880
Перебор: среднее+дисперсия,2775
Перебор: среднее+дисперсия,2480
Перебор: среднее+дисперсия,1665
Перебор: среднее+дисперсия,200
Перебор: среднее+дисперсия,1780
Перебор: среднее+дисперсия,2795
Перебор: среднее+дисперсия,1790
Перебор: среднее+дисперсия,105
Перебор: среднее+дисперсия,2745
Перебор: среднее+дисперсия,415
Перебор: среднее+дисперсия,1665
Перебор: среднее+дисперсия,2615
Перебор: среднее+дисперсия,1430
Перебор: среднее+дисперсия,1095
Перебор: среднее+дисперсия,2525
Перебор: среднее+дисперсия,2795
Перебор: среднее+дисперсия,355
Перебор: среднее+дисперсия,365
Перебор: среднее+дисперсия,530
Перебор: среднее+дисперсия,1625
Перебор: среднее+дисперсия,130
Перебор: среднее+дисперсия,2690
Перебор: среднее+дисперсия,1405
Перебор: среднее+дисперсия,220
Перебор: среднее+дисперсия,820
Перебор: среднее+дисперсия,1400
Перебор: среднее+дисперсия,1180
Перебор: среднее+дисперсия,1655
Перебор: среднее+дисперсия,500
Перебор: среднее+дисперсия,1790
Перебор: среднее+дисперсия,905
Перебор: среднее+дисперсия,1045
Перебор: среднее+дисперсия,665
Перебор: среднее+дисперсия,445
Перебор: среднее+дисперсия,1355
Перебор: среднее+дисперсия,1775
Перебор: среднее+дисперсия,1650
Перебор: среднее+дисперсия,1780
Перебор: среднее+дисперсия,1425
Перебор: среднее+дисперсия,1710
Перебор: среднее+дисперсия,1140
Перебор: среднее+дисперсия,420
Перебор: среднее+дисперсия,1380
Перебор: среднее+дисперсия,1015
Перебор: среднее+дисперсия,1790
Перебор: среднее+дисперсия,2500
Перебор: среднее+дисперсия,1770
Перебор: среднее+дисперсия,1585
Перебор: среднее+дисперсия,1455
Перебор: среднее+дисперсия,1415
Перебор: среднее+дисперсия,1080
Перебор: среднее+дисперсия,570
Перебор: среднее+дисперсия,1350
Перебор: среднее+дисперсия,1370
Перебор: среднее+дисперсия,1295
Перебор: среднее+дисперсия,1685
Перебор: среднее+дисперсия,1540
Перебор: среднее+дисперсия,385
Перебор: среднее+дисперсия,1790
Перебор: среднее+дисперсия,1330
Перебор: среднее+дисперсия,1370
Перебор: среднее+дисперсия,1415
Перебор: среднее+дисперсия,1950
Перебор: среднее+дисперсия,75
Перебор: среднее+дисперсия,2205
Перебор: среднее+дисперсия,375
Перебор: среднее+дисперсия,1725
Перебор: среднее+дисперсия,1240
Перебор: среднее+дисперсия,1375
Перебор: среднее+дисперсия,2745
Перебор: среднее+дисперсия,1935
Перебор: среднее+дисперсия,420
Перебор: среднее+дисперсия,1340
Перебор: среднее+дисперсия,1495
Перебор: среднее+дисперсия,1565
Перебор: среднее+дисперсия,1395
Перебор: среднее+дисперсия,1500
Перебор: среднее+дисперсия,1790
Перебор: среднее+дисперсия,1125
Перебор: среднее+дисперсия,125
Перебор: среднее+дисперсия,1575
Перебор: среднее+дисперсия,125
Перебор: среднее+дисперсия,1305
Перебор: среднее+дисперсия,90
Перебор: среднее+дисперсия,1730
Перебор: среднее+дисперсия,360
Перебор: среднее+дисперсия,1790
Перебор: среднее+дисперсия,1340
Перебор: среднее+дисперсия,570
Перебор: среднее+дисперсия,1790
Перебор: среднее+дисперсия,1750
Перебор: среднее+дисперсия,2800
Перебор: среднее+дисперсия,1445
Перебор: среднее+дисперсия,1470
Перебор: среднее+дисперсия,1975
Перебор: среднее+дисперсия,1090
Перебор: среднее+дисперсия,1185
Перебор: среднее+дисперсия,595
Перебор: среднее+дисперсия,1725
Перебор: среднее+дисперсия,115
Перебор: среднее+дисперсия,1940
Перебор: среднее+дисперсия,1390
Перебор: среднее+дисперсия,2070
Перебор: среднее+дисперсия,630
Перебор: среднее+дисперсия,1505
Перебор: среднее+дисперсия,815
Перебор: среднее+дисперсия,1340
Перебор: среднее+дисперсия,400
Перебор: среднее+дисперсия,1790
Перебор: среднее+дисперсия,1220
Перебор: среднее+дисперсия,170
Перебор: среднее+дисперсия,1770
Перебор: среднее+дисперсия,720
Перебор: среднее+дисперсия,185
Перебор: среднее+дисперсия,1355
Перебор: среднее+дисперсия,1730
Перебор: среднее+дисперсия,860
Перебор: среднее+дисперсия,1790
Перебор: среднее+дисперсия,35
Перебор: среднее+дисперсия,795
Перебор: среднее+дисперсия,2465
Перебор: среднее+дисперсия,1725
Перебор: среднее+дисперсия,1785
Перебор: среднее+дисперсия,1780
Перебор: среднее+дисперсия,330
Перебор: среднее+дисперсия,320
Перебор: среднее+дисперсия,1485
Перебор: среднее+дисперсия,1440
Перебор: среднее+дисперсия,1470
Перебор: среднее+дисперсия,1720
Перебор: среднее+дисперсия,2800
Перебор: среднее+дисперсия,1185
Перебор: среднее+дисперсия,1785
Перебор: среднее+дисперсия,255
Перебор: среднее+дисперсия,2175
Перебор: среднее+дисперсия,1225
Перебор: среднее+дисперсия,1295
Перебор: среднее+дисперсия,270
Перебор: среднее+дисперсия,1330
Перебор: среднее+дисперсия,1040
Перебор: среднее+дисперсия,1295
Перебор: среднее+дисперсия,1690
Перебор: среднее+дисперсия,1700
Перебор: среднее+дисперсия,920
Перебор: среднее+дисперсия,1105
Перебор: среднее+дисперсия,895
Перебор: среднее+дисперсия,2645
Перебор: среднее+дисперсия,135
Перебор: среднее+дисперсия,1295
Перебор: среднее+дисперсия,1505
Перебор: среднее+дисперсия,1790
Перебор: среднее+дисперсия,2570
Перебор: среднее+дисперсия,910
Перебор: среднее+дисперсия,495
Перебор: среднее+дисперсия,765
Перебор: среднее+дисперсия,1385
Перебор: среднее+дисперсия,1785
Перебор: среднее+дисперсия,80
Перебор: среднее+дисперсия,1650
Перебор: среднее+дисперсия,970
Перебор: среднее+дисперсия,1590
Перебор: среднее+дисперсия,2295
Перебор: среднее+дисперсия,2445
Перебор: среднее+дисперсия,230
Перебор: среднее+дисперсия,1665
Перебор: среднее+дисперсия,1645
Перебор: среднее+дисперсия,1050
Перебор: среднее+дисперсия,1075
Перебор: среднее+дисперсия,1720
Перебор: среднее+дисперсия,1690
Перебор: среднее+дисперсия,1340
Перебор: среднее+дисперсия,2635
Перебор: среднее+дисперсия,960
Перебор: среднее+дисперсия,2375
Перебор: среднее+дисперсия,2805
Перебор: среднее+дисперсия,855
Перебор: среднее+дисперсия,2485
Перебор: среднее+дисперсия,1095
Перебор: среднее+дисперсия,2615
Перебор: среднее+дисперсия,1720
Перебор: среднее+дисперсия,735
Перебор: среднее+дисперсия,125
Перебор: среднее+дисперсия,1475
Перебор: среднее+дисперсия,1570
Перебор: среднее+дисперсия,1010
Перебор: среднее+дисперсия,325
Перебор: среднее+дисперсия,1675
Перебор: среднее+дисперсия,690
Перебор: среднее+дисперсия,2650
Перебор: среднее+дисперсия,1320
Перебор: среднее+дисперсия,385
Перебор: среднее+дисперсия,1020
Перебор: среднее+дисперсия,1780
Перебор: среднее+дисперсия,230
Перебор: среднее+дисперсия,1280
Перебор: среднее+дисперсия,2680
Перебор: среднее+дисперсия,1700
Перебор: среднее+дисперсия,2390
Перебор: среднее+дисперсия,2725
Перебор: среднее+дисперсия,1505
Перебор: среднее+дисперсия,1430
Перебор: среднее+дисперсия,1790
Перебор: среднее+дисперсия,1675
Перебор: среднее+дисперсия,2595
Перебор: среднее+дисперсия,2445
Перебор: среднее+дисперсия,235
Перебор: среднее+дисперсия,1645
Перебор: среднее+дисперсия,1790
Перебор: среднее+дисперсия,1215
Перебор: среднее+дисперсия,325
Перебор: среднее+дисперсия,1025
Перебор: среднее+дисперсия,275
Перебор: среднее+дисперсия,2805
Перебор: среднее+дисперсия,1280
Перебор: среднее+дисперсия,1785
Перебор: среднее+дисперсия,1735
Перебор: среднее+дисперсия,1725
Перебор: среднее+дисперсия,1400
Перебор: среднее+дисперсия,2805
Перебор: среднее+дисперсия,710
Перебор: среднее+дисперсия,1355
Перебор: среднее+дисперсия,970
Перебор: среднее+дисперсия,790
Перебор: среднее+дисперсия,1385
Перебор: среднее+дисперсия,625
Перебор: среднее+дисперсия,795
Перебор: среднее+дисперсия,1780
Перебор: среднее+дисперсия,855
Перебор: среднее+дисперсия,1250
Перебор: среднее+дисперсия,475
Перебор: среднее+дисперсия,30
Перебор: среднее+дисперсия,1785
Перебор: среднее+дисперсия,950
Перебор: среднее+дисперсия,1470
Перебор: среднее+дисперсия,1535
Перебор: среднее+дисперсия,915
Перебор: среднее+дисперсия,2390
Перебор: среднее+дисперсия,1185
Перебор: среднее+дисперсия,215
Перебор: среднее+дисперсия,1400
Перебор: среднее+дисперсия,440
Перебор: среднее+дисперсия,1380
Перебор: среднее+дисперсия,1645
Перебор: среднее+дисперсия,160
Перебор: среднее+дисперсия,2635
Перебор: среднее+дисперсия,255
Перебор: среднее+дисперсия,1630
Перебор: среднее+дисперсия,1350
Перебор: среднее+дисперсия,1115
Перебор: среднее+дисперсия,2790
Перебор: среднее+дисперсия,1495
Перебор: среднее+дисперсия,1300
Перебор: среднее+дисперсия,510
Перебор: среднее+дисперсия,1740
Перебор: среднее+дисперсия,1775
Перебор: среднее+дисперсия,1750
Перебор: среднее+дисперсия,1595
Перебор: среднее+дисперсия,2360
Перебор: среднее+дисперсия,1320
Перебор: среднее+дисперсия,765
Перебор: среднее+дисперсия,415
Перебор: среднее+дисперсия,75
Перебор: среднее+дисперсия,2290
Перебор: среднее+дисперсия,2415
Перебор: среднее+дисперсия,1515
Перебор: среднее+дисперсия,1600
Перебор: среднее+дисперсия,175
Перебор: среднее+дисперсия,2600
Перебор: среднее+дисперсия,535
Перебор: среднее+дисперсия,1770
Перебор: среднее+дисперсия,1785
Перебор: среднее+дисперсия,1580
Перебор: среднее+дисперсия,680
Перебор: среднее+дисперсия,1560
Перебор: среднее+дисперсия,1260
Перебор: среднее+дисперсия,1925
Перебор: среднее+дисперсия,1415
Перебор: среднее+дисперсия,1565
Перебор: среднее+дисперсия,1175
Перебор: среднее+дисперсия,1790
Перебор: среднее+дисперсия,1000
Перебор: среднее+дисперсия,1210
Перебор: среднее+дисперсия,2365
Перебор: среднее+дисперсия,1665
Перебор: среднее+дисперсия,2805
Перебор: среднее+дисперсия,1710
Перебор: среднее+дисперсия,2035
Перебор: среднее+дисперсия,285
Перебор: среднее+дисперсия,1695
Перебор: среднее+дисперсия,1770
Перебор: среднее+дисперсия,1490
Перебор: среднее+дисперсия,1490
Перебор: среднее+дисперсия,1495
Перебор: среднее+дисперсия,2780
Перебор: среднее+дисперсия,2800
Перебор: среднее+дисперсия,2720
Перебор: среднее+дисперсия,1035
Перебор: среднее+дисперсия,955
Перебор: среднее+дисперсия,800
Перебор: среднее+дисперсия,1750
Перебор: среднее+дисперсия,895
Перебор: среднее+дисперсия,1775
Перебор: среднее+дисперсия,1440
Перебор: среднее+дисперсия,270
Перебор: среднее+дисперсия,380
Перебор: среднее+дисперсия,125
Перебор: среднее+дисперсия,1500
Перебор: среднее+дисперсия,735
Перебор: среднее+дисперсия,320
Перебор: среднее+дисперсия,1450
Перебор: среднее+дисперсия,765
Перебор: среднее+дисперсия,1770
Перебор: среднее+дисперсия,35
Перебор: среднее+дисперсия,1345
Перебор: среднее+дисперсия,1620
Перебор: среднее+дисперсия,945
Перебор: среднее+дисперсия,65
Перебор: среднее+дисперсия,375
Перебор: среднее+дисперсия,360
Перебор: среднее+дисперсия,1570
Перебор: среднее+дисперсия,1105
Перебор: среднее+дисперсия,1150
Перебор: среднее+дисперсия,1985
Перебор: среднее+дисперсия,770
Перебор: среднее+дисперсия,1920
Перебор: среднее+дисперсия,930
Перебор: среднее+дисперсия,1250
Перебор: среднее+дисперсия,2180
Перебор: AR(2),2
Перебор: AR(2),28
Перебор: AR(2),52
Перебор: AR(2),7
Перебор: AR(2),17
Перебор: AR(2),2
Перебор: AR(2),3
Перебор: AR(2),133
Перебор: AR(2),7
Перебор: AR(2),3
Перебор: AR(2),2
Перебор: AR(2),3
Перебор: AR(2),2
Перебор: AR(2),42
Перебор: AR(2),33
Перебор: AR(2),3
Перебор: AR(2),18
Перебор: AR(2),93
Перебор: AR(2),32
Перебор: AR(2),3
Перебор: AR(2),3
Перебор: AR(2),13
Перебор: AR(2),2
Перебор: AR(2),12
Перебор: AR(2),2
Перебор: AR(2),2
Перебор: AR(2),2
Перебор: AR(2),2
Перебор: AR(2),3
Перебор: AR(2),123
Перебор: AR(2),28
Перебор: AR(2),8
Перебор: AR(2),2
Перебор: AR(2),13
Перебор: AR(2),7
Перебор: AR(2),2
Перебор: AR(2),2
Перебор: AR(2),17
Перебор: AR(2),12
Перебор: AR(2),77
Перебор: AR(2),142
Перебор: AR(2),23
Перебор: AR(2),8
Перебор: AR(2),47
Перебор: AR(2),2
Перебор: AR(2),28
Перебор: AR(2),2
Перебор: AR(2),2
Перебор: AR(2),42
Перебор: AR(2),3
Перебор: AR(2),2
Перебор: AR(2),8
Перебор: AR(2),3
Перебор: AR(2),18
Перебор: AR(2),27
Перебор: AR(2),22
Перебор: AR(2),33
Перебор: AR(2),2
Перебор: AR(2),37
Перебор: AR(2),3
Перебор: AR(2),8
Перебор: AR(2),58
Перебор: AR(2),2
Перебор: AR(2),2
Перебор: AR(2),3
Перебор: AR(2),17
Перебор: AR(2),53
Перебор: AR(2),2
Перебор: AR(2),3
Перебор: AR(2),27
Перебор: AR(2),12
Перебор: AR(2),23
Перебор: AR(2),32
Перебор: AR(2),17
Перебор: AR(2),3
Перебор: AR(2),18
Перебор: AR(2),57
Перебор: AR(2),7
Перебор: AR(2),33
Перебор: AR(2),18
Перебор: AR(2),2
Перебор: AR(2),18
Перебор: AR(2),32
Перебор: AR(2),17
Перебор: AR(2),3
Перебор: AR(2),12
Перебор: AR(2),2
Перебор: AR(2),58
Перебор: AR(2),107
Перебор: AR(2),2
Перебор: AR(2),118
Перебор: AR(2),12
Перебор: AR(2),78
Перебор: AR(2),33
Перебор: AR(2),3
Перебор: AR(2),17
Перебор: AR(2),52
Перебор: AR(2),2
Перебор: AR(2),3
Перебор: AR(2),32
Перебор: AR(2),73
Перебор: AR(2),3
Перебор: AR(2),37
Перебор: AR(2),23
Перебор: AR(2),143
Перебор: AR(2),13
Перебор: AR(2),27
Перебор: AR(2),87
Перебор: AR(2),17
Перебор: AR(2),8
Перебор: AR(2),3
Перебор: AR(2),2
Перебор: AR(2),7
Перебор: AR(2),7
Перебор: AR(2),2
Перебор: AR(2),13
Перебор: AR(2),22
Перебор: AR(2),43
Перебор: AR(2),67
Перебор: AR(2),7
Перебор: AR(2),43
Перебор: AR(2),52
Перебор: AR(2),53
Перебор: AR(2),112
Перебор: AR(2),3
Перебор: AR(2),13
Перебор: AR(2),17
Перебор: AR(2),2
Перебор: AR(2),2
Перебор: AR(2),7
Перебор: AR(2),32
Перебор: AR(2),17
Перебор: AR(2),17
Перебор: AR(2),18
Перебор: AR(2),192
Перебор: AR(2),38
Перебор: AR(2),22
Перебор: AR(2),13
Перебор: AR(2),3
Перебор: AR(2),93
Перебор: AR(2),12
Перебор: AR(2),22
Перебор: AR(2),17
Перебор: AR(2),8
Перебор: AR(2),3
Перебор: AR(2),17
Перебор: AR(2),2
Перебор: AR(2),7
Перебор: AR(2),7
Перебор: AR(2),3
Перебор: AR(2),88
Перебор: AR(2),23
Перебор: AR(2),7
Перебор: AR(2),53
Перебор: AR(2),8
Перебор: AR(2),8
Перебор: AR(2),33
Перебор: AR(2),7
Перебор: AR(2),8
Перебор: AR(2),7
Перебор: AR(2),2
Перебор: AR(2),88
Перебор: AR(2),7
Перебор: AR(2),53
Перебор: AR(2),3
Перебор: AR(2),12
Перебор: AR(2),42
Перебор: AR(2),3
Перебор: AR(2),38
Перебор: AR(2),3
Перебор: AR(2),18
Перебор: AR(2),12
Перебор: AR(2),37
Перебор: AR(2),3
Перебор: AR(2),3
Перебор: AR(2),2
Перебор: AR(2),7
Перебор: AR(2),42
Перебор: AR(2),13
Перебор: AR(2),33
Перебор: AR(2),12
Перебор: AR(2),2
Перебор: AR(2),3
Перебор: AR(2),3
Перебор: AR(2),23
Перебор: AR(2),3
Перебор: AR(2),48
Перебор: AR(2),17
Перебор: AR(2),3
Перебор: AR(2),23
Перебор: AR(2),3
Перебор: AR(2),3
Перебор: AR(2),3
Перебор: AR(2),2
Перебор: AR(2),33
Перебор: AR(2),12
Перебор: AR(2),8
Перебор: AR(2),18
Перебор: AR(2),7
Перебор: AR(2),12
Перебор: AR(2),3
Перебор: AR(2),43
Перебор: AR(2),58
Перебор: AR(2),23
Перебор: AR(2),2
Перебор: AR(2),3
Перебор: AR(2),12
Перебор: AR(2),17
Перебор: AR(2),2
Перебор: AR(2),63
Перебор: AR(2),27
Перебор: AR(2),27
Перебор: AR(2),2
Перебор: AR(2),47
Перебор: AR(2),2
Перебор: AR(2),42
Перебор: AR(2),3
Перебор: AR(2),7
Перебор: AR(2),2
Перебор: AR(2),32
Перебор: AR(2),18
Перебор: AR(2),3
Перебор: AR(2),23
Перебор: AR(2),22
Перебор: AR(2),28
Перебор: AR(2),7
Перебор: AR(2),18
Перебор: AR(2),7
Перебор: AR(2),38
Перебор: AR(2),2
Перебор: AR(2),42
Перебор: AR(2),3
Перебор: AR(2),3
Перебор: AR(2),7
Перебор: AR(2),2
Перебор: AR(2),13
Перебор: AR(2),2
Перебор: AR(2),2
Перебор: AR(2),77
Перебор: AR(2),3
Перебор: AR(2),2
Перебор: AR(2),23
Перебор: AR(2),28
Перебор: AR(2),23
Перебор: AR(2),18
Перебор: AR(2),18
Перебор: AR(2),2
Перебор: AR(2),7
Перебор: AR(2),2
Перебор: AR(2),3
Перебор: AR(2),8
Перебор: AR(2),3
Перебор: AR(2),2
Перебор: AR(2),3
Перебор: AR(2),3
Перебор: AR(2),88
Перебор: AR(2),7
Перебор: AR(2),48
Перебор: AR(2),157
Перебор: AR(2),47
Перебор: AR(2),2
Перебор: AR(2),3
Перебор: AR(2),12
Перебор: AR(2),2
Перебор: AR(2),2
Перебор: AR(2),17
Перебор: AR(2),7
Перебор: AR(2),107
Перебор: AR(2),28
Перебор: AR(2),83
Перебор: AR(2),3
Перебор: AR(2),53
Перебор: AR(2),2
Перебор: AR(2),17
Перебор: AR(2),2
Перебор: AR(2),12
Перебор: AR(2),7
Перебор: AR(2),18
Перебор: AR(2),8
Перебор: AR(2),22
Перебор: AR(2),68
Перебор: AR(2),3
Перебор: AR(2),28
Перебор: AR(2),12
Перебор: AR(2),28
Перебор: AR(2),3
Перебор: AR(2),2
Перебор: AR(2),2
Перебор: AR(2),12
Перебор: AR(2),12
Перебор: AR(2),17
Перебор: AR(2),3
Перебор: AR(2),7
Перебор: AR(2),22
Перебор: AR(2),17
Перебор: AR(2),62
Перебор: AR(2),7
Перебор: AR(2),12
Перебор: AR(2),2
Перебор: AR(2),182
Перебор: AR(2),17
Перебор: AR(2),12
Перебор: AR(2),13
Перебор: AR(2),33
Перебор: AR(2),12
Перебор: AR(2),8
Перебор: AR(2),2
Перебор: AR(2),3
Перебор: AR(2),8
Перебор: AR(2),3
Перебор: AR(2),7
Перебор: AR(2),22
Перебор: AR(2),47
Перебор: AR(2),3
Перебор: AR(2),152
Перебор: AR(2),2
Перебор: AR(2),12
Перебор: AR(2),3
Перебор: AR(2),22
Перебор: AR(2),32
Перебор: AR(2),7
Перебор: AR(2),112
Перебор: AR(2),7
Перебор: AR(2),37
Перебор: AR(2),13
Перебор: AR(2),2
Перебор: AR(2),7
Перебор: AR(2),17
Перебор: AR(2),12
Перебор: AR(2),3
Перебор: AR(2),142
Перебор: AR(2),3
Перебор: AR(2),8
Перебор: AR(2),22
Перебор: AR(2),32
Перебор: AR(2),17
Перебор: AR(2),2
Перебор: AR(2),12
Перебор: AR(2),3
Перебор: AR(2),17
Перебор: AR(2),3
Перебор: AR(2),18
Перебор: AR(2),2
Перебор: AR(2),2
Перебор: AR(2),62
Перебор: AR(2),43
Перебор: AR(2),52
Перебор: AR(2),7
Перебор: AR(2),33
Перебор: AR(2),7
Перебор: AR(2),2
Перебор: AR(2),2
Перебор: AR(2),2
Перебор: AR(2),8
Перебор: AR(2),2
Перебор: AR(2),33
Перебор: AR(2),23
Перебор: AR(2),7
Перебор: AR(2),2
Перебор: AR(2),18
Перебор: AR(2),17
Перебор: AR(2),2
Перебор: AR(2),48
Перебор: AR(2),168
Перебор: AR(2),2
Перебор: AR(2),2
Перебор: AR(2),8
Перебор: AR(2),8
Перебор: AR(2),7
Перебор: AR(2),13
Перебор: AR(2),47
Перебор: AR(2),3
Перебор: AR(2),7
Перебор: AR(2),43
Перебор: AR(2),3
Перебор: AR(2),18
Перебор: AR(2),12
Перебор: AR(2),3
Перебор: AR(2),3
Перебор: AR(2),2
Перебор: AR(2),3
Перебор: AR(2),12
Перебор: AR(2),2
Перебор: AR(2),57
Перебор: AR(2),2
Перебор: AR(2),2
Перебор: AR(2),2
Перебор: AR(2),37
Перебор: AR(2),3
Перебор: AR(2),17
Перебор: AR(2),8
Перебор: AR(2),8
Перебор: AR(2),52
Перебор: AR(2),17
Перебор: AR(2),43
Перебор: AR(2),2
Перебор: AR(2),23
Перебор: AR(2),83
Перебор: AR(2),7
Перебор: AR(2),63
Перебор: AR(2),23
Перебор: AR(2),2
Перебор: AR(2),42
Перебор: AR(2),2
Перебор: AR(2),8
Перебор: AR(2),13
Перебор: AR(2),23
Перебор: AR(2),78
Перебор: AR(2),2
Перебор: AR(2),3
Перебор: AR(2),12
Перебор: AR(2),7
Перебор: AR(2),73
Перебор: AR(2),3
Перебор: AR(2),37
Перебор: AR(2),8
Перебор: AR(2),12
Перебор: AR(2),2
Перебор: AR(2),78
Перебор: AR(2),8
Перебор: AR(2),37
Перебор: AR(2),17
Перебор: AR(2),12
Перебор: AR(2),8
Перебор: AR(2),13
Перебор: AR(2),3
Перебор: AR(2),3
Перебор: AR(2),72
Перебор: AR(2),7
Перебор: AR(2),2
Перебор: AR(2),17
Перебор: AR(2),2
Перебор: AR(2),12
Перебор: AR(2),17
Перебор: AR(2),3
Перебор: AR(2),12
Перебор: AR(2),2
Перебор: AR(2),8
Перебор: AR(2),42
Перебор: AR(2),2
Перебор: AR(2),23
Перебор: AR(2),47
Перебор: AR(2),2
Перебор: AR(2),52
Перебор: AR(2),28
Перебор: AR(2),3
Перебор: AR(2),23
Перебор: AR(2),77
Перебор: AR(2),3
Перебор: AR(2),8
Перебор: AR(2),2
Перебор: AR(2),33
Перебор: AR(2),3
Перебор: AR(2),17
Перебор: AR(2),23
Перебор: AR(2),28
Перебор: AR(2),47
Перебор: AR(2),12
Перебор: AR(2),18
Перебор: AR(2),3
Перебор: AR(2),7
Перебор: AR(2),37
Перебор: AR(2),67
Перебор: AR(2),7
Перебор: AR(2),3
Перебор: AR(2),17
Перебор: AR(2),28
Перебор: AR(2),12
Перебор: AR(2),3
Перебор: AR(2),2
Перебор: AR(2),2
Перебор: AR(2),3
Перебор: AR(2),17
Перебор: AR(2),3
Перебор: AR(2),2
Перебор: AR(2),2
Перебор: AR(2),2
Перебор: AR(2),8
Перебор: AR(2),13
Перебор: AR(2),8
Перебор: AR(2),13
Перебор: AR(2),8
Перебор: AR(2),7
Перебор: AR(2),18
Перебор: AR(2),8
Перебор: AR(2),7
Перебор: AR(2),3
Перебор: AR(2),3
Перебор: AR(2),23
Перебор: AR(2),23
Перебор: AR(2),28
Перебор: AR(2),3
Перебор: AR(2),2
Перебор: AR(2),8
Перебор: AR(2),7
Перебор: AR(2),2
Перебор: AR(2),2
Перебор: AR(2),78
Перебор: AR(2),7
Перебор: AR(2),57
