scen,det,far,det_rate,mean_delay,median_delay,loc_median
A,Среднее,5.3,64.7,812.952086553323,690.0,390.0
A,Дисперсия,4.5,58.3,857.1526586620927,740.0,390.0
A,Остатки AR(p),3.8,92.9,589.6232508073197,490.0,110.0
A,ACF-1 (лаг 1),7.3999999999999995,92.60000000000001,147.1814254859611,140.0,40.0
A,Спектр (4 полосы),6.1,93.89999999999999,234.40894568690095,190.0,40.0
A,MLACS (L=2),5.800000000000001,94.19999999999999,157.72823779193206,140.0,40.0
A,MLACS (L=3),7.1,92.9,182.94940796555437,140.0,60.0
A,MLACS (L=5),7.3999999999999995,92.60000000000001,222.01943844492442,190.0,90.0
B,Среднее,3.9,57.199999999999996,884.3181818181819,790.0,460.0
B,Дисперсия,5.0,51.1,898.3170254403132,840.0,390.0
B,Остатки AR(p),4.3,24.5,953.265306122449,940.0,540.0
B,ACF-1 (лаг 1),4.8,76.5,754.8366013071895,640.0,340.0
B,Спектр (4 полосы),5.6000000000000005,74.5,775.0335570469799,640.0,110.0
B,MLACS (L=2),5.0,95.0,200.1578947368421,190.0,40.0
B,MLACS (L=3),5.800000000000001,94.19999999999999,216.80467091295117,190.0,40.0
B,MLACS (L=5),5.0,95.0,252.42105263157896,190.0,40.0
V,Среднее,4.1000000000000005,45.7,959.4748358862145,890.0,540.0
V,Дисперсия,3.8,96.2,144.002079002079,140.0,60.0
V,Остатки AR(p),3.8,96.2,114.16839916839916,90.0,40.0
V,ACF-1 (лаг 1),5.1,10.9,925.7798165137615,790.0,360.0
V,Спектр (4 полосы),6.800000000000001,9.3,1024.4086021505377,940.0,640.0
V,MLACS (L=2),4.0,9.1,987.8021978021978,940.0,740.0
V,MLACS (L=3),5.3,11.5,1026.0869565217392,990.0,740.0
V,MLACS (L=5),5.1,10.8,982.1296296296297,965.0,740.0
M,Среднее,4.7,95.3,99.12906610703043,90.0,10.0
M,Дисперсия,4.6,16.1,1007.7018633540373,990.0,590.0
M,Остатки AR(p),4.3999999999999995,95.6,325.2510460251046,290.0,60.0
M,ACF-1 (лаг 1),5.2,14.399999999999999,912.9166666666666,890.0,490.0
M,Спектр (4 полосы),6.6000000000000005,11.200000000000001,964.1071428571429,965.0,640.0
M,MLACS (L=2),5.2,10.2,857.6470588235294,765.0,475.0
M,MLACS (L=3),5.3,11.5,892.6086956521739,890.0,590.0
M,MLACS (L=5),5.8999999999999995,10.4,925.0961538461538,940.0,715.0
