run,cp,found,delay,false
0,3010,False,,
0,7010,False,,
0,11010,True,140.0,
0,-1,False,,1.0
1,3010,True,140.0,
1,7010,False,,
1,11010,True,190.0,
1,-1,False,,1.0
2,3010,True,90.0,
2,7010,True,240.0,
2,11010,False,,
2,-1,False,,1.0
3,3010,True,340.0,
3,7010,True,440.0,
3,11010,True,90.0,
3,-1,False,,0.0
4,3010,True,290.0,
4,7010,True,190.0,
4,11010,True,340.0,
4,-1,False,,0.0
5,3010,True,290.0,
5,7010,True,140.0,
5,11010,True,240.0,
5,-1,False,,0.0
6,3010,True,140.0,
6,7010,True,90.0,
6,11010,True,190.0,
6,-1,False,,0.0
7,3010,True,290.0,
7,7010,False,,
7,11010,True,340.0,
7,-1,False,,1.0
8,3010,False,,
8,7010,False,,
8,11010,True,90.0,
8,-1,False,,1.0
9,3010,True,190.0,
9,7010,True,140.0,
9,11010,True,140.0,
9,-1,False,,0.0
10,3010,True,390.0,
10,7010,True,140.0,
10,11010,True,140.0,
10,-1,False,,0.0
11,3010,True,90.0,
11,7010,True,340.0,
11,11010,True,240.0,
11,-1,False,,0.0
12,3010,True,140.0,
12,7010,True,240.0,
12,11010,True,140.0,
12,-1,False,,0.0
13,3010,True,90.0,
13,7010,True,140.0,
13,11010,True,90.0,
13,-1,False,,1.0
14,3010,True,390.0,
14,7010,True,240.0,
14,11010,True,140.0,
14,-1,False,,0.0
15,3010,True,90.0,
15,7010,False,,
15,11010,True,40.0,
15,-1,False,,1.0
16,3010,True,140.0,
16,7010,False,,
16,11010,True,190.0,
16,-1,False,,1.0
17,3010,True,240.0,
17,7010,True,540.0,
17,11010,True,90.0,
17,-1,False,,0.0
18,3010,True,490.0,
18,7010,True,240.0,
18,11010,True,240.0,
18,-1,False,,0.0
19,3010,True,440.0,
19,7010,True,140.0,
19,11010,True,90.0,
19,-1,False,,0.0
20,3010,True,90.0,
20,7010,False,,
20,11010,True,40.0,
20,-1,False,,1.0
21,3010,True,140.0,
21,7010,True,40.0,
21,11010,True,90.0,
21,-1,False,,0.0
22,3010,True,190.0,
22,7010,True,240.0,
22,11010,True,90.0,
22,-1,False,,0.0
23,3010,True,190.0,
23,7010,True,840.0,
23,11010,True,290.0,
23,-1,False,,0.0
24,3010,True,140.0,
24,7010,True,290.0,
24,11010,True,40.0,
24,-1,False,,0.0
25,3010,True,240.0,
25,7010,False,,
25,11010,True,690.0,
25,-1,False,,1.0
26,3010,True,40.0,
26,7010,False,,
26,11010,True,90.0,
26,-1,False,,1.0
27,3010,True,140.0,
27,7010,False,,
27,11010,True,140.0,
27,-1,False,,1.0
28,3010,True,240.0,
28,7010,True,440.0,
28,11010,True,140.0,
28,-1,False,,0.0
29,3010,True,190.0,
29,7010,True,90.0,
29,11010,False,,
29,-1,False,,1.0
30,3010,True,240.0,
30,7010,True,190.0,
30,11010,True,240.0,
30,-1,False,,0.0
31,3010,True,90.0,
31,7010,False,,
31,11010,True,90.0,
31,-1,False,,2.0
32,3010,True,190.0,
32,7010,True,690.0,
32,11010,True,340.0,
32,-1,False,,0.0
33,3010,True,190.0,
33,7010,True,490.0,
33,11010,True,140.0,
33,-1,False,,0.0
34,3010,True,140.0,
34,7010,True,240.0,
34,11010,True,190.0,
34,-1,False,,0.0
35,3010,False,,
35,7010,False,,
35,11010,True,90.0,
35,-1,False,,2.0
36,3010,True,240.0,
36,7010,True,490.0,
36,11010,True,290.0,
36,-1,False,,0.0
37,3010,True,140.0,
37,7010,True,40.0,
37,11010,True,140.0,
37,-1,False,,0.0
38,3010,True,190.0,
38,7010,True,740.0,
38,11010,True,190.0,
38,-1,False,,0.0
39,3010,True,240.0,
39,7010,True,140.0,
39,11010,True,240.0,
39,-1,False,,0.0
40,3010,True,290.0,
40,7010,True,140.0,
40,11010,True,190.0,
40,-1,False,,1.0
41,3010,True,190.0,
41,7010,True,40.0,
41,11010,True,190.0,
41,-1,False,,0.0
42,3010,True,90.0,
42,7010,True,140.0,
42,11010,True,90.0,
42,-1,False,,0.0
43,3010,True,240.0,
43,7010,True,340.0,
43,11010,True,90.0,
43,-1,False,,1.0
44,3010,True,290.0,
44,7010,False,,
44,11010,True,90.0,
44,-1,False,,1.0
45,3010,True,540.0,
45,7010,True,240.0,
45,11010,True,240.0,
45,-1,False,,0.0
46,3010,True,40.0,
46,7010,False,,
46,11010,True,240.0,
46,-1,False,,1.0
47,3010,True,90.0,
47,7010,True,540.0,
47,11010,True,90.0,
47,-1,False,,1.0
48,3010,True,140.0,
48,7010,True,590.0,
48,11010,True,140.0,
48,-1,False,,0.0
49,3010,True,90.0,
49,7010,True,540.0,
49,11010,True,140.0,
49,-1,False,,0.0
50,3010,True,440.0,
50,7010,True,240.0,
50,11010,True,190.0,
50,-1,False,,0.0
51,3010,True,90.0,
51,7010,True,190.0,
51,11010,False,,
51,-1,False,,1.0
52,3010,True,190.0,
52,7010,False,,
52,11010,True,90.0,
52,-1,False,,1.0
53,3010,True,240.0,
53,7010,True,490.0,
53,11010,True,240.0,
53,-1,False,,0.0
54,3010,True,90.0,
54,7010,True,1240.0,
54,11010,True,140.0,
54,-1,False,,1.0
55,3010,True,40.0,
55,7010,True,740.0,
55,11010,True,290.0,
55,-1,False,,0.0
56,3010,True,90.0,
56,7010,True,290.0,
56,11010,False,,
56,-1,False,,1.0
57,3010,True,240.0,
57,7010,True,140.0,
57,11010,True,190.0,
57,-1,False,,0.0
58,3010,True,140.0,
58,7010,True,390.0,
58,11010,True,240.0,
58,-1,False,,0.0
59,3010,True,290.0,
59,7010,True,240.0,
59,11010,True,140.0,
59,-1,False,,1.0
60,3010,True,90.0,
60,7010,True,390.0,
60,11010,True,290.0,
60,-1,False,,0.0
61,3010,True,190.0,
61,7010,True,140.0,
61,11010,True,140.0,
61,-1,False,,0.0
62,3010,True,40.0,
62,7010,True,840.0,
62,11010,False,,
62,-1,False,,1.0
63,3010,True,90.0,
63,7010,True,190.0,
63,11010,True,190.0,
63,-1,False,,1.0
64,3010,True,290.0,
64,7010,True,90.0,
64,11010,True,40.0,
64,-1,False,,0.0
65,3010,True,340.0,
65,7010,True,140.0,
65,11010,True,140.0,
65,-1,False,,0.0
66,3010,True,390.0,
66,7010,True,240.0,
66,11010,True,90.0,
66,-1,False,,0.0
67,3010,True,90.0,
67,7010,True,740.0,
67,11010,True,90.0,
67,-1,False,,0.0
68,3010,True,90.0,
68,7010,True,240.0,
68,11010,True,140.0,
68,-1,False,,0.0
69,3010,True,190.0,
69,7010,True,190.0,
69,11010,True,140.0,
69,-1,False,,0.0
70,3010,True,490.0,
70,7010,True,340.0,
70,11010,True,190.0,
70,-1,False,,0.0
71,3010,True,190.0,
71,7010,True,740.0,
71,11010,True,140.0,
71,-1,False,,0.0
72,3010,True,190.0,
72,7010,True,240.0,
72,11010,True,240.0,
72,-1,False,,0.0
73,3010,True,190.0,
73,7010,True,640.0,
73,11010,False,,
73,-1,False,,1.0
74,3010,True,290.0,
74,7010,True,40.0,
74,11010,True,90.0,
74,-1,False,,0.0
75,3010,True,40.0,
75,7010,True,290.0,
75,11010,True,90.0,
75,-1,False,,0.0
76,3010,True,240.0,
76,7010,True,140.0,
76,11010,True,290.0,
76,-1,False,,0.0
77,3010,True,40.0,
77,7010,True,190.0,
77,11010,True,90.0,
77,-1,False,,0.0
78,3010,False,,
78,7010,True,390.0,
78,11010,True,190.0,
78,-1,False,,1.0
79,3010,True,190.0,
79,7010,True,640.0,
79,11010,True,190.0,
79,-1,False,,0.0
80,3010,True,140.0,
80,7010,True,340.0,
80,11010,True,140.0,
80,-1,False,,0.0
81,3010,True,190.0,
81,7010,True,140.0,
81,11010,True,240.0,
81,-1,False,,0.0
82,3010,True,140.0,
82,7010,True,140.0,
82,11010,True,140.0,
82,-1,False,,0.0
83,3010,True,190.0,
83,7010,True,290.0,
83,11010,True,390.0,
83,-1,False,,0.0
84,3010,True,290.0,
84,7010,True,190.0,
84,11010,True,190.0,
84,-1,False,,1.0
85,3010,True,190.0,
85,7010,True,490.0,
85,11010,True,240.0,
85,-1,False,,0.0
86,3010,True,190.0,
86,7010,True,490.0,
86,11010,True,40.0,
86,-1,False,,0.0
87,3010,True,240.0,
87,7010,True,190.0,
87,11010,True,140.0,
87,-1,False,,0.0
88,3010,True,290.0,
88,7010,True,590.0,
88,11010,True,190.0,
88,-1,False,,0.0
89,3010,True,140.0,
89,7010,True,390.0,
89,11010,True,340.0,
89,-1,False,,0.0
90,3010,True,190.0,
90,7010,True,190.0,
90,11010,True,90.0,
90,-1,False,,0.0
91,3010,True,40.0,
91,7010,True,1290.0,
91,11010,True,190.0,
91,-1,False,,0.0
92,3010,True,290.0,
92,7010,True,240.0,
92,11010,True,190.0,
92,-1,False,,1.0
93,3010,True,240.0,
93,7010,True,440.0,
93,11010,True,90.0,
93,-1,False,,1.0
94,3010,False,,
94,7010,False,,
94,11010,True,40.0,
94,-1,False,,2.0
95,3010,True,90.0,
95,7010,False,,
95,11010,True,90.0,
95,-1,False,,1.0
96,3010,True,290.0,
96,7010,True,90.0,
96,11010,True,140.0,
96,-1,False,,1.0
97,3010,True,90.0,
97,7010,True,540.0,
97,11010,True,140.0,
97,-1,False,,0.0
98,3010,True,140.0,
98,7010,True,140.0,
98,11010,True,90.0,
98,-1,False,,0.0
99,3010,True,290.0,
99,7010,True,190.0,
99,11010,True,290.0,
99,-1,False,,0.0
100,3010,True,140.0,
100,7010,True,90.0,
100,11010,True,90.0,
100,-1,False,,0.0
101,3010,True,390.0,
101,7010,False,,
101,11010,True,490.0,
101,-1,False,,1.0
102,3010,True,240.0,
102,7010,True,240.0,
102,11010,True,140.0,
102,-1,False,,0.0
103,3010,True,340.0,
103,7010,True,240.0,
103,11010,True,190.0,
103,-1,False,,0.0
104,3010,True,90.0,
104,7010,True,190.0,
104,11010,True,90.0,
104,-1,False,,0.0
105,3010,True,490.0,
105,7010,True,290.0,
105,11010,False,,
105,-1,False,,1.0
106,3010,True,140.0,
106,7010,True,140.0,
106,11010,True,90.0,
106,-1,False,,1.0
107,3010,False,,
107,7010,False,,
107,11010,False,,
107,-1,False,,2.0
108,3010,True,590.0,
108,7010,True,590.0,
108,11010,True,140.0,
108,-1,False,,0.0
109,3010,True,290.0,
109,7010,True,190.0,
109,11010,True,240.0,
109,-1,False,,0.0
110,3010,True,90.0,
110,7010,True,240.0,
110,11010,False,,
110,-1,False,,1.0
111,3010,True,240.0,
111,7010,True,140.0,
111,11010,True,190.0,
111,-1,False,,0.0
112,3010,True,340.0,
112,7010,True,290.0,
112,11010,True,90.0,
112,-1,False,,0.0
113,3010,True,90.0,
113,7010,True,190.0,
113,11010,True,90.0,
113,-1,False,,0.0
114,3010,True,290.0,
114,7010,True,140.0,
114,11010,False,,
114,-1,False,,1.0
115,3010,False,,
115,7010,False,,
115,11010,True,40.0,
115,-1,False,,1.0
116,3010,True,140.0,
116,7010,True,40.0,
116,11010,True,90.0,
116,-1,False,,1.0
117,3010,True,190.0,
117,7010,True,540.0,
117,11010,True,240.0,
117,-1,False,,0.0
118,3010,True,140.0,
118,7010,True,290.0,
118,11010,False,,
118,-1,False,,1.0
119,3010,False,,
119,7010,False,,
119,11010,True,140.0,
119,-1,False,,1.0
120,3010,True,240.0,
120,7010,True,440.0,
120,11010,True,390.0,
120,-1,False,,0.0
121,3010,True,140.0,
121,7010,True,90.0,
121,11010,True,40.0,
121,-1,False,,1.0
122,3010,True,140.0,
122,7010,True,190.0,
122,11010,True,40.0,
122,-1,False,,1.0
123,3010,True,140.0,
123,7010,True,290.0,
123,11010,True,190.0,
123,-1,False,,0.0
124,3010,True,90.0,
124,7010,False,,
124,11010,False,,
124,-1,False,,1.0
125,3010,True,140.0,
125,7010,True,340.0,
125,11010,True,190.0,
125,-1,False,,0.0
126,3010,True,290.0,
126,7010,True,290.0,
126,11010,True,240.0,
126,-1,False,,0.0
127,3010,True,140.0,
127,7010,True,540.0,
127,11010,True,190.0,
127,-1,False,,0.0
128,3010,True,140.0,
128,7010,True,690.0,
128,11010,True,240.0,
128,-1,False,,0.0
129,3010,True,140.0,
129,7010,True,340.0,
129,11010,True,90.0,
129,-1,False,,0.0
130,3010,True,440.0,
130,7010,True,90.0,
130,11010,True,190.0,
130,-1,False,,0.0
131,3010,True,190.0,
131,7010,True,140.0,
131,11010,True,140.0,
131,-1,False,,0.0
132,3010,True,90.0,
132,7010,False,,
132,11010,False,,
132,-1,False,,2.0
133,3010,True,290.0,
133,7010,True,190.0,
133,11010,True,190.0,
133,-1,False,,1.0
134,3010,True,140.0,
134,7010,True,390.0,
134,11010,True,140.0,
134,-1,False,,1.0
135,3010,True,40.0,
135,7010,True,190.0,
135,11010,True,90.0,
135,-1,False,,0.0
136,3010,True,290.0,
136,7010,False,,
136,11010,True,190.0,
136,-1,False,,1.0
137,3010,True,40.0,
137,7010,True,340.0,
137,11010,True,190.0,
137,-1,False,,1.0
138,3010,True,240.0,
138,7010,True,1390.0,
138,11010,True,40.0,
138,-1,False,,1.0
139,3010,True,440.0,
139,7010,True,90.0,
139,11010,True,140.0,
139,-1,False,,1.0
140,3010,True,340.0,
140,7010,True,540.0,
140,11010,True,190.0,
140,-1,False,,0.0
141,3010,True,240.0,
141,7010,True,240.0,
141,11010,False,,
141,-1,False,,1.0
142,3010,True,190.0,
142,7010,True,240.0,
142,11010,True,40.0,
142,-1,False,,0.0
143,3010,True,240.0,
143,7010,True,340.0,
143,11010,True,90.0,
143,-1,False,,0.0
144,3010,True,390.0,
144,7010,True,440.0,
144,11010,True,90.0,
144,-1,False,,0.0
145,3010,True,140.0,
145,7010,True,390.0,
145,11010,True,90.0,
145,-1,False,,0.0
146,3010,True,240.0,
146,7010,True,140.0,
146,11010,True,140.0,
146,-1,False,,0.0
147,3010,True,40.0,
147,7010,True,240.0,
147,11010,True,90.0,
147,-1,False,,0.0
148,3010,True,90.0,
148,7010,True,140.0,
148,11010,True,90.0,
148,-1,False,,0.0
149,3010,True,240.0,
149,7010,False,,
149,11010,True,190.0,
149,-1,False,,1.0
150,3010,True,140.0,
150,7010,True,190.0,
150,11010,True,140.0,
150,-1,False,,0.0
151,3010,True,390.0,
151,7010,False,,
151,11010,True,90.0,
151,-1,False,,1.0
152,3010,True,190.0,
152,7010,True,490.0,
152,11010,False,,
152,-1,False,,1.0
153,3010,True,140.0,
153,7010,True,640.0,
153,11010,True,140.0,
153,-1,False,,0.0
154,3010,True,340.0,
154,7010,True,190.0,
154,11010,True,240.0,
154,-1,False,,0.0
155,3010,True,590.0,
155,7010,True,290.0,
155,11010,True,190.0,
155,-1,False,,1.0
156,3010,True,140.0,
156,7010,True,190.0,
156,11010,True,190.0,
156,-1,False,,0.0
157,3010,True,190.0,
157,7010,True,140.0,
157,11010,False,,
157,-1,False,,1.0
158,3010,True,40.0,
158,7010,True,90.0,
158,11010,True,190.0,
158,-1,False,,0.0
159,3010,True,240.0,
159,7010,True,390.0,
159,11010,True,140.0,
159,-1,False,,0.0
160,3010,True,240.0,
160,7010,True,290.0,
160,11010,True,390.0,
160,-1,False,,0.0
161,3010,True,190.0,
161,7010,False,,
161,11010,True,190.0,
161,-1,False,,1.0
162,3010,True,390.0,
162,7010,True,390.0,
162,11010,True,140.0,
162,-1,False,,0.0
163,3010,True,90.0,
163,7010,True,440.0,
163,11010,True,190.0,
163,-1,False,,0.0
164,3010,True,290.0,
164,7010,True,290.0,
164,11010,True,190.0,
164,-1,False,,0.0
165,3010,True,290.0,
165,7010,True,140.0,
165,11010,True,190.0,
165,-1,False,,0.0
166,3010,True,290.0,
166,7010,True,390.0,
166,11010,True,340.0,
166,-1,False,,0.0
167,3010,True,340.0,
167,7010,True,340.0,
167,11010,True,140.0,
167,-1,False,,0.0
168,3010,True,540.0,
168,7010,True,40.0,
168,11010,True,140.0,
168,-1,False,,0.0
169,3010,True,90.0,
169,7010,True,240.0,
169,11010,True,90.0,
169,-1,False,,0.0
170,3010,True,90.0,
170,7010,True,440.0,
170,11010,True,90.0,
170,-1,False,,0.0
171,3010,False,,
171,7010,True,1190.0,
171,11010,True,90.0,
171,-1,False,,1.0
172,3010,True,90.0,
172,7010,True,290.0,
172,11010,True,40.0,
172,-1,False,,0.0
173,3010,True,240.0,
173,7010,True,440.0,
173,11010,True,240.0,
173,-1,False,,0.0
174,3010,True,90.0,
174,7010,True,790.0,
174,11010,False,,
174,-1,False,,1.0
175,3010,True,140.0,
175,7010,True,440.0,
175,11010,True,90.0,
175,-1,False,,1.0
176,3010,True,140.0,
176,7010,True,290.0,
176,11010,True,140.0,
176,-1,False,,1.0
177,3010,True,190.0,
177,7010,True,240.0,
177,11010,True,290.0,
177,-1,False,,0.0
178,3010,True,140.0,
178,7010,True,140.0,
178,11010,True,840.0,
178,-1,False,,1.0
179,3010,True,140.0,
179,7010,False,,
179,11010,True,390.0,
179,-1,False,,1.0
180,3010,True,240.0,
180,7010,False,,
180,11010,True,90.0,
180,-1,False,,1.0
181,3010,True,240.0,
181,7010,True,290.0,
181,11010,True,90.0,
181,-1,False,,0.0
182,3010,True,490.0,
182,7010,True,340.0,
182,11010,True,90.0,
182,-1,False,,1.0
183,3010,True,490.0,
183,7010,True,140.0,
183,11010,True,90.0,
183,-1,False,,0.0
184,3010,True,590.0,
184,7010,True,90.0,
184,11010,True,140.0,
184,-1,False,,0.0
185,3010,True,190.0,
185,7010,True,140.0,
185,11010,True,40.0,
185,-1,False,,0.0
186,3010,True,90.0,
186,7010,True,190.0,
186,11010,True,240.0,
186,-1,False,,0.0
187,3010,True,340.0,
187,7010,True,590.0,
187,11010,True,90.0,
187,-1,False,,0.0
188,3010,True,90.0,
188,7010,True,290.0,
188,11010,True,140.0,
188,-1,False,,0.0
189,3010,True,40.0,
189,7010,True,840.0,
189,11010,False,,
189,-1,False,,1.0
190,3010,True,190.0,
190,7010,True,190.0,
190,11010,True,240.0,
190,-1,False,,0.0
191,3010,True,40.0,
191,7010,False,,
191,11010,True,40.0,
191,-1,False,,2.0
192,3010,True,140.0,
192,7010,True,240.0,
192,11010,True,90.0,
192,-1,False,,0.0
193,3010,True,640.0,
193,7010,True,440.0,
193,11010,True,90.0,
193,-1,False,,0.0
194,3010,True,240.0,
194,7010,True,490.0,
194,11010,True,190.0,
194,-1,False,,0.0
195,3010,True,90.0,
195,7010,True,40.0,
195,11010,True,190.0,
195,-1,False,,0.0
196,3010,True,190.0,
196,7010,True,140.0,
196,11010,True,240.0,
196,-1,False,,0.0
197,3010,True,240.0,
197,7010,True,140.0,
197,11010,True,240.0,
197,-1,False,,0.0
198,3010,True,90.0,
198,7010,False,,
198,11010,True,90.0,
198,-1,False,,2.0
199,3010,True,140.0,
199,7010,True,340.0,
199,11010,False,,
199,-1,False,,1.0
