own_ar,rpt_ar,own_mean,rpt_mean
3012,3000,4580,4580
2982,3010,4730,4730
3062,3055,4755,4755
3017,3025,4800,4800
3027,3025,4340,4340
3012,3010,4575,4575
3007,3010,3240,3240
2877,2915,4510,4510
3017,3010,2725,2725
3007,3005,3385,3385
3012,3010,3170,3170
3007,3010,995,995
3012,3010,3570,3570
3052,3020,3550,3550
2977,2980,4225,4225
3007,3010,4670,4670
2992,2990,4490,4490
2917,2920,4760,4760
3042,3045,450,450
3007,3005,3240,3240
3007,3005,3235,3235
2997,3000,3645,3645
3012,3010,4565,4565
3022,3020,4435,4435
3012,3005,2975,2975
3012,3010,245,245
3012,3010,4635,4635
3012,3010,4795,4795
3007,3010,2490,2490
2887,2890,4710,4710
2982,2985,3960,3960
3002,2995,885,885
3012,3010,3435,3435
2997,3000,270,270
3017,3015,4710,4710
3012,3010,4615,4615
3012,3015,3955,3955
3027,3030,4410,4410
3022,3020,4175,4175
3087,3090,4635,4635
3152,3145,4405,4405
2987,2985,4435,4435
3002,3000,345,345
3057,3010,240,240
3012,3010,3945,3945
2982,2980,4750,4750
3012,3010,4155,4155
3012,2985,4435,4435
3052,3050,2610,2610
3007,3005,2985,2985
3012,2990,4700,4700
3002,3005,3870,3870
3007,3010,4750,4750
2992,2995,2680,2680
3037,3005,4550,4550
3032,3015,2730,2730
2977,2975,3585,3585
3012,3010,4785,4785
3047,3050,4220,4220
3007,3010,4575,4575
