scen,delta,det,det_rate,far,median_delay
A,0.0,Дисперсия,9.8,6.4,890.0
A,0.0,Остатки AR(p),10.6,5.800000000000001,990.0
A,0.0,ACF-1 (лаг 1),13.600000000000001,6.800000000000001,990.0
A,0.0,Спектр (4 полосы),10.8,5.2,1015.0
A,0.0,MLACS (L=2),10.0,5.2,665.0
A,0.0,MLACS (L=3),11.0,5.0,640.0
A,0.1,Дисперсия,15.6,6.2,940.0
A,0.1,Остатки AR(p),15.0,5.4,890.0
A,0.1,ACF-1 (лаг 1),25.2,3.4000000000000004,1090.0
A,0.1,Спектр (4 полосы),7.3999999999999995,3.4000000000000004,690.0
A,0.1,MLACS (L=2),7.6,4.0,690.0
A,0.1,MLACS (L=3),8.6,4.3999999999999995,790.0
A,0.2,Дисперсия,17.2,6.6000000000000005,990.0
A,0.2,Остатки AR(p),19.400000000000002,5.6000000000000005,840.0
A,0.2,ACF-1 (лаг 1),60.6,5.4,790.0
A,0.2,Спектр (4 полосы),11.4,4.6,940.0
A,0.2,MLACS (L=2),16.2,5.2,890.0
A,0.2,MLACS (L=3),16.2,4.6,840.0
A,0.3,Дисперсия,19.2,6.2,865.0
A,0.3,Остатки AR(p),24.4,6.2,890.0
A,0.3,ACF-1 (лаг 1),86.6,4.8,640.0
A,0.3,Спектр (4 полосы),18.0,3.8,790.0
A,0.3,MLACS (L=2),34.0,4.0,815.0
A,0.3,MLACS (L=3),32.0,4.0,965.0
A,0.4,Дисперсия,18.8,5.4,890.0
A,0.4,Остатки AR(p),32.2,5.0,840.0
A,0.4,ACF-1 (лаг 1),94.8,4.8,440.0
A,0.4,Спектр (4 полосы),31.6,5.4,840.0
A,0.4,MLACS (L=2),59.8,4.2,740.0
A,0.4,MLACS (L=3),53.400000000000006,4.2,840.0
A,0.5,Дисперсия,23.400000000000002,5.6000000000000005,990.0
A,0.5,Остатки AR(p),46.800000000000004,5.4,890.0
A,0.5,ACF-1 (лаг 1),94.19999999999999,5.800000000000001,290.0
A,0.5,Спектр (4 полосы),55.2,4.0,665.0
A,0.5,MLACS (L=2),78.4,5.0,540.0
A,0.5,MLACS (L=3),75.4,4.6,640.0
A,0.6,Дисперсия,27.400000000000002,4.2,990.0
A,0.6,Остатки AR(p),61.8,5.4,790.0
A,0.6,ACF-1 (лаг 1),95.6,4.3999999999999995,240.0
A,0.6,Спектр (4 полосы),73.4,3.4000000000000004,540.0
A,0.6,MLACS (L=2),90.60000000000001,5.6000000000000005,390.0
A,0.6,MLACS (L=3),87.0,4.6,440.0
A,0.7,Дисперсия,30.0,6.6000000000000005,965.0
A,0.7,Остатки AR(p),73.2,6.2,790.0
A,0.7,ACF-1 (лаг 1),94.6,5.4,190.0
A,0.7,Спектр (4 полосы),87.2,5.4,465.0
A,0.7,MLACS (L=2),94.19999999999999,5.0,290.0
A,0.7,MLACS (L=3),94.39999999999999,4.3999999999999995,340.0
A,0.8,Дисперсия,44.0,4.2,790.0
A,0.8,Остатки AR(p),83.0,5.4,590.0
A,0.8,ACF-1 (лаг 1),94.0,6.0,190.0
A,0.8,Спектр (4 полосы),92.60000000000001,4.8,340.0
A,0.8,MLACS (L=2),95.6,4.3999999999999995,240.0
A,0.8,MLACS (L=3),95.8,4.0,290.0
A,0.9,Дисперсия,50.4,4.3999999999999995,890.0
A,0.9,Остатки AR(p),89.60000000000001,4.6,540.0
A,0.9,ACF-1 (лаг 1),94.6,5.4,140.0
A,0.9,Спектр (4 полосы),95.39999999999999,4.6,240.0
A,0.9,MLACS (L=2),96.39999999999999,3.5999999999999996,190.0
A,0.9,MLACS (L=3),95.0,5.0,190.0
A,1.0,Дисперсия,62.0,4.8,790.0
A,1.0,Остатки AR(p),92.0,5.0,440.0
A,1.0,ACF-1 (лаг 1),93.0,7.000000000000001,140.0
A,1.0,Спектр (4 полосы),93.8,6.0,190.0
A,1.0,MLACS (L=2),95.19999999999999,4.8,140.0
A,1.0,MLACS (L=3),94.6,5.4,140.0
B,0.0,Дисперсия,11.799999999999999,7.6,940.0
B,0.0,Остатки AR(p),10.2,4.6,640.0
B,0.0,ACF-1 (лаг 1),13.4,6.2,890.0
B,0.0,Спектр (4 полосы),9.6,5.2,865.0
B,0.0,MLACS (L=2),10.6,6.4,990.0
B,0.0,MLACS (L=3),10.2,5.800000000000001,840.0
B,0.1,Дисперсия,16.0,5.6000000000000005,990.0
B,0.1,Остатки AR(p),12.2,6.0,790.0
B,0.1,ACF-1 (лаг 1),13.600000000000001,4.6,1090.0
B,0.1,Спектр (4 полосы),7.8,6.0,840.0
B,0.1,MLACS (L=2),11.799999999999999,6.2,1140.0
B,0.1,MLACS (L=3),12.6,7.8,740.0
B,0.2,Дисперсия,15.4,6.800000000000001,940.0
B,0.2,Остатки AR(p),11.4,4.6,940.0
B,0.2,ACF-1 (лаг 1),18.2,5.2,840.0
B,0.2,Спектр (4 полосы),8.0,6.6000000000000005,790.0
B,0.2,MLACS (L=2),24.4,5.2,840.0
B,0.2,MLACS (L=3),24.8,5.4,790.0
B,0.3,Дисперсия,15.6,3.8,865.0
B,0.3,Остатки AR(p),12.4,5.4,1115.0
B,0.3,ACF-1 (лаг 1),22.0,5.800000000000001,1015.0
B,0.3,Спектр (4 полосы),8.4,6.0,890.0
B,0.3,MLACS (L=2),33.6,4.2,840.0
B,0.3,MLACS (L=3),32.6,4.3999999999999995,790.0
B,0.4,Дисперсия,17.2,5.4,915.0
B,0.4,Остатки AR(p),9.0,4.6,890.0
B,0.4,ACF-1 (лаг 1),30.2,3.8,940.0
B,0.4,Спектр (4 полосы),10.6,6.6000000000000005,940.0
B,0.4,MLACS (L=2),58.4,5.2,740.0
B,0.4,MLACS (L=3),51.2,6.2,790.0
B,0.5,Дисперсия,23.0,5.2,990.0
B,0.5,Остатки AR(p),14.2,6.0,890.0
B,0.5,ACF-1 (лаг 1),40.8,4.3999999999999995,840.0
B,0.5,Спектр (4 полосы),15.4,4.2,740.0
B,0.5,MLACS (L=2),75.8,5.4,590.0
B,0.5,MLACS (L=3),72.8,4.8,640.0
B,0.6,Дисперсия,27.200000000000003,3.8,890.0
B,0.6,Остатки AR(p),14.000000000000002,4.2,965.0
B,0.6,ACF-1 (лаг 1),42.199999999999996,5.2,890.0
B,0.6,Спектр (4 полосы),14.000000000000002,5.6000000000000005,890.0
B,0.6,MLACS (L=2),89.2,4.0,490.0
B,0.6,MLACS (L=3),84.6,5.0,590.0
B,0.7,Дисперсия,32.2,6.800000000000001,1040.0
B,0.7,Остатки AR(p),16.400000000000002,6.0,990.0
B,0.7,ACF-1 (лаг 1),52.2,3.5999999999999996,840.0
B,0.7,Спектр (4 полосы),27.400000000000002,5.800000000000001,940.0
B,0.7,MLACS (L=2),95.0,3.8,340.0
B,0.7,MLACS (L=3),91.0,5.4,390.0
B,0.8,Дисперсия,36.199999999999996,7.3999999999999995,840.0
B,0.8,Остатки AR(p),20.4,5.2,940.0
B,0.8,ACF-1 (лаг 1),61.4,3.8,790.0
B,0.8,Спектр (4 полосы),39.800000000000004,5.0,990.0
B,0.8,MLACS (L=2),95.6,4.3999999999999995,290.0
B,0.8,MLACS (L=3),94.39999999999999,5.0,290.0
B,0.9,Дисперсия,42.4,6.2,840.0
B,0.9,Остатки AR(p),21.2,6.0,965.0
B,0.9,ACF-1 (лаг 1),68.8,4.8,690.0
B,0.9,Спектр (4 полосы),55.60000000000001,5.4,790.0
B,0.9,MLACS (L=2),95.6,4.3999999999999995,240.0
B,0.9,MLACS (L=3),94.8,5.2,240.0
B,1.0,Дисперсия,53.6,5.2,815.0
B,1.0,Остатки AR(p),25.0,4.3999999999999995,890.0
B,1.0,ACF-1 (лаг 1),74.6,4.8,590.0
B,1.0,Спектр (4 полосы),73.0,6.2,690.0
B,1.0,MLACS (L=2),94.39999999999999,5.6000000000000005,140.0
B,1.0,MLACS (L=3),94.19999999999999,5.800000000000001,190.0
